transactionId,accountId,type,amount,date,tag,referenceNumber
119973fe-7d7b-494b-86cf-872c34b6780c,74,DEBIT,12.9,2018-01-01T02:00:00.000+0000,TRANSPORT,789010165 FAST-TREK TRANSPORT
b7974ee5-6554-4aa4-b714-852d3d96a919,74,DEBIT,24.43,2018-01-02T13:00:00.000+0000,F&B,500487003 LITTLE PERSIA
3c7d2213-bd27-4415-900f-e21e5678a616,74,DEBIT,13.95,2018-01-02T19:00:00.000+0000,TRANSPORT,258007422 JACK RIDE HAILING
928acbed-ba64-418c-af34-36e1dffbe281,74,DEBIT,10.32,2018-01-03T22:00:00.000+0000,TRANSPORT,361171512 JACK RIDE HAILING
6b72ab24-2cad-4c9e-a77f-c1c23b8f2588,74,DEBIT,27.47,2018-01-04T19:00:00.000+0000,F&B,340312298 BONES
7f99a759-5b8e-42ab-9c6f-a27e50aa6567,74,DEBIT,200,2018-01-04T16:00:00.000+0000,ATM,316680434 ATM CASH WTIHDRAWAL
f3a01c47-9512-4a74-929b-dd175a09b2e4,74,DEBIT,28.85,2018-01-05T13:00:00.000+0000,F&B,557842464 THE BURGER SHOP
8a06d116-2288-4e85-8c04-b80ebb70e4ff,74,DEBIT,47.41,2018-01-05T06:00:00.000+0000,TRANSFER,158756381 BANK FAST TRANSFER TO 547885043
0dced0f4-6feb-4705-b82e-662d105ce746,74,DEBIT,27.64,2018-01-07T19:00:00.000+0000,F&B,559653541 CRAZY SPICY THAI FOOD
0a4725d2-c88a-4bde-8c82-129dba2adef3,74,DEBIT,13.18,2018-01-07T18:00:00.000+0000,TRANSPORT,69290328 SUBER FAST TRANSPORT PTE LTD
ba6deee2-ac8a-4abc-ab03-f7292f47d539,74,DEBIT,24.89,2018-01-09T19:00:00.000+0000,F&B,76420158 THE SILK ROOM
8e1b6bf7-4453-4721-bf14-1f918da91471,74,DEBIT,23.11,2018-01-10T19:00:00.000+0000,F&B,528373718 LITTLE PERSIA
e3871c23-c818-438a-9b8b-32a19f1bdcc1,74,DEBIT,22.73,2018-01-11T13:00:00.000+0000,F&B,42662978 PRATA AND TEH TAHRIK PLACE
75afc7d8-9e25-408f-afa3-45c7c86b2f28,74,DEBIT,23.48,2018-01-12T13:00:00.000+0000,F&B,584511490 THE ORIGINAL GOAT
5d1c3a57-ae01-4f6b-bafd-805f5c4c75f9,74,DEBIT,15.12,2018-01-12T08:00:00.000+0000,TRANSPORT,531995662 JACK RIDE HAILING
d315be89-6912-4338-9f04-ec65fbecf07b,74,DEBIT,25.65,2018-01-13T19:00:00.000+0000,F&B,566629040 THE SILK ROOM
1ae8d5ed-33ac-4611-bfe4-fe9632894ee5,74,DEBIT,200,2018-01-13T22:00:00.000+0000,ATM,951290193 ATM CASH WTIHDRAWAL
f41864a3-c850-4f2f-a3f7-2d104a82e58c,74,DEBIT,27.56,2018-01-14T19:00:00.000+0000,F&B,994028356 LITTLE PERSIA
0eb678b1-3786-4fe2-9e7a-b2bd2e60b91b,74,DEBIT,29.12,2018-01-15T13:00:00.000+0000,F&B,426841137 THE VANILLA ORCHARD
125254a5-c8ba-4c94-8419-c851550e60e9,74,DEBIT,15.59,2018-01-15T17:00:00.000+0000,TRANSPORT,396915932 FAST-TREK TRANSPORT
6ae42bbc-04ed-48da-8dc7-4423bc0dada5,74,DEBIT,30.94,2018-01-16T13:00:00.000+0000,F&B,665574142 THE OLIVE AFTER DARK
8305bbea-5d4e-4c62-99f5-bd30afea549a,74,DEBIT,14.33,2018-01-16T11:00:00.000+0000,TRANSPORT,224694167 JACK RIDE HAILING
ab078b0c-7d51-4e0e-9f3a-e816506308c1,74,DEBIT,20.31,2018-01-17T06:00:00.000+0000,TRANSPORT,462964256 FAST-TREK TRANSPORT
56f8f567-6492-433d-8e42-663a34e1415d,74,DEBIT,26.49,2018-01-20T13:00:00.000+0000,F&B,229673004 THE ORIGINAL GOAT
3af99b04-835a-4ae1-b0e7-ea92aaa817f2,74,DEBIT,17.73,2018-01-20T03:00:00.000+0000,TRANSPORT,312951392 JACK RIDE HAILING
25405354-e21d-49a1-8a40-0beaea5f3310,74,DEBIT,27.17,2018-01-21T19:00:00.000+0000,F&B,496984901 THE SPRING OYSTER
4ded61da-218b-4645-b4a0-2132d3792af6,74,DEBIT,29.62,2018-01-22T13:00:00.000+0000,F&B,555068976 BONES
5cf53ba3-74e4-47c9-b98b-709be81c51ca,74,DEBIT,13.16,2018-01-22T04:00:00.000+0000,TRANSPORT,701724579 FAST-TREK TRANSPORT
bdd9d2cb-3739-4eb4-bbf0-e26edb386ae9,74,DEBIT,27.38,2018-01-23T13:00:00.000+0000,F&B,735045849 FLYING DUMPLINGS RESTAURANT
00cbbe31-8cb7-49c2-a893-06b0832465fa,74,DEBIT,24.24,2018-01-24T19:00:00.000+0000,F&B,517418789 THE SPRING OYSTER
5705fd9a-53e0-4bd7-a528-35e3714f45b0,74,DEBIT,8.77,2018-01-24T02:00:00.000+0000,TRANSPORT,755286733 FAST-TREK TRANSPORT
1a48605a-fedf-46b8-9ce7-5ea623d3d8bb,74,CREDIT,3300,2018-01-25T00:00:00.000+0000,TRANSFER,266048091 SALARY FROM 234928734
6b085acb-337f-41ce-be6a-9ec14cdf34d9,74,DEBIT,25.8,2018-01-26T19:00:00.000+0000,F&B,299725558 THE SPRING OYSTER
98f94185-283d-4065-af29-74aa668f8915,74,DEBIT,18.86,2018-01-26T20:00:00.000+0000,TRANSPORT,230781637 FAST-TREK TRANSPORT
7433ef18-4741-4ff3-af1e-e9ffadbaeb56,74,DEBIT,23.72,2018-01-27T13:00:00.000+0000,F&B,804391208 BONES
ea913826-dc10-4760-bddb-a1ce6f03838f,74,DEBIT,19.08,2018-01-27T07:00:00.000+0000,TRANSPORT,81172909 JACK RIDE HAILING
9ef50e03-1dc8-4732-bdaf-175f5b14a548,74,DEBIT,22.42,2018-01-28T19:00:00.000+0000,F&B,576602961 THE VANILLA ORCHARD
a8dcb428-5515-4297-a3a6-4680210dacb2,74,DEBIT,25.75,2018-01-29T19:00:00.000+0000,F&B,932813388 THE ROYAL ROSE
7911ae86-b887-4e50-b850-c6f2b4233902,74,DEBIT,26.43,2018-01-30T19:00:00.000+0000,F&B,498992938 THE PROUD TABLE
627d2d56-980a-49b4-b0f9-e1159464c5f0,74,DEBIT,13.9,2018-01-30T22:00:00.000+0000,TRANSPORT,406655080 JACK RIDE HAILING
ddfb7f31-56ec-4c5c-8de2-d9c8df374fbb,74,DEBIT,28.8,2018-04-19T13:00:00.000+0000,F&B,920134643 BONES
f7a397b7-aedc-4429-a4d5-d8aa064add65,74,DEBIT,200,2018-01-30T11:00:00.000+0000,ATM,751807776 ATM CASH WTIHDRAWAL
0d2b1ef0-8cab-4776-91b0-554bc90b50ee,74,DEBIT,22.1,2018-02-01T19:00:00.000+0000,F&B,728989277 PRATA AND TEH TAHRIK PLACE
c0e764ee-136d-432b-a7bf-10447c47f134,74,DEBIT,27.39,2018-02-02T19:00:00.000+0000,F&B,831822977 FLYING DUMPLINGS RESTAURANT
fc465894-5bba-4cb1-b316-53ba4fc43022,74,DEBIT,15.78,2018-02-02T11:00:00.000+0000,TRANSPORT,653461316 SUBER FAST TRANSPORT PTE LTD
a4101cab-1fcc-4007-ae63-4bf022ad8e16,74,DEBIT,17.23,2018-02-03T18:00:00.000+0000,TRANSPORT,273065545 FAST-TREK TRANSPORT
bb786656-4fc8-4671-9d15-b4784716beda,74,DEBIT,23.68,2018-02-04T19:00:00.000+0000,F&B,971036771 THE SILK ROOM
bbf131d3-929b-473d-9415-7f60b93936d7,74,DEBIT,18.96,2018-02-04T16:00:00.000+0000,TRANSPORT,774159217 FAST-TREK TRANSPORT
200a96ad-1cfb-44cb-a258-bbbfd008c8f3,74,DEBIT,19.19,2018-02-05T13:00:00.000+0000,F&B,411152072 THE SILK ROOM
f55dcc2d-6fbb-4d3b-bfa9-73070ca35e54,74,DEBIT,26.96,2018-02-06T13:00:00.000+0000,F&B,587203973 THE ORIGINAL GOAT
61240cfe-b5bf-4d44-b5ca-79954001bdb1,74,DEBIT,200,2018-02-06T15:00:00.000+0000,ATM,655696505 ATM CASH WTIHDRAWAL
229b128b-b552-42b7-aa75-597a920cd1dd,74,DEBIT,27.29,2018-02-07T19:00:00.000+0000,F&B,386430342 THE OLIVE AFTER DARK
b9153973-2051-45b0-b5ef-fc548f80d5ff,74,DEBIT,25.28,2018-02-08T13:00:00.000+0000,F&B,171805975 THE SPRING OYSTER
1e236f63-063d-48f1-9304-a527cf13c639,74,DEBIT,200,2018-02-08T12:00:00.000+0000,ATM,702304369 ATM CASH WTIHDRAWAL
26a6ca26-0002-4dee-a1e9-501e2b7fa53c,74,DEBIT,12.59,2018-02-09T19:00:00.000+0000,TRANSPORT,633218021 FAST-TREK TRANSPORT
73c2e7ce-baf9-4478-ac99-e5175d5aa71c,74,DEBIT,25.44,2018-02-10T19:00:00.000+0000,F&B,604559022 CRAZY SPICY THAI FOOD
cd91fa28-8e6b-414f-a481-c5c6e8251576,74,DEBIT,12.66,2018-02-10T11:00:00.000+0000,TRANSPORT,752768912 SUBER FAST TRANSPORT PTE LTD
2cb0ecec-aeab-4559-8862-8ecd1dec49e7,74,DEBIT,23.17,2018-02-11T19:00:00.000+0000,F&B,108404781 PRATA AND TEH TAHRIK PLACE
c876f2de-1fc1-4c7e-9dff-d95f33309613,74,DEBIT,16.64,2018-02-11T00:00:00.000+0000,TRANSPORT,233120443 FAST-TREK TRANSPORT
4da1e6ca-3fd4-40f3-9ec2-2ed7b2c93fb5,74,DEBIT,24.74,2018-02-12T19:00:00.000+0000,F&B,200294650 PRATA AND TEH TAHRIK PLACE
5eabe96b-dfc3-4d83-bd81-66041f98cdc2,74,DEBIT,23.5,2018-02-13T13:00:00.000+0000,F&B,374739073 THE PROUD TABLE
fb9afe3a-10b1-4a97-ab7d-3a61d217e72c,74,DEBIT,20.27,2018-02-14T19:00:00.000+0000,F&B,134828014 BONES
9f6c4cc4-54e9-4d09-8b14-d0edaf2304ef,74,DEBIT,20.68,2018-02-17T13:00:00.000+0000,F&B,723769100 THE JADE ROOSTER
52c910be-ffb0-4e56-bf0a-90dd0742e676,74,DEBIT,13.43,2018-02-17T19:00:00.000+0000,TRANSPORT,885129358 FAST-TREK TRANSPORT
8fe66f5a-9567-4a95-92cd-18b59051e670,74,CREDIT,52.2,2018-02-19T06:00:00.000+0000,TRANSFER,390051504 BANK FAST TRANSFER FROM 239586159
31cb2321-78d2-4dce-b88c-699d8bd09234,74,DEBIT,23.81,2018-02-20T19:00:00.000+0000,F&B,871157695 THE JADE ROOSTER
a8e9aad6-f008-49c3-8681-e44e6b1d1690,74,DEBIT,15.56,2018-02-20T08:00:00.000+0000,TRANSPORT,858770791 JACK RIDE HAILING
37c47817-6991-4961-9484-ed9b9852aa25,74,DEBIT,200,2018-02-20T02:00:00.000+0000,ATM,21191460 ATM CASH WTIHDRAWAL
596a0376-2605-4ecf-bcda-4a84bcd658f0,74,DEBIT,21.21,2018-02-21T13:00:00.000+0000,F&B,617999591 THE SILK ROOM
fdcf0574-5ca6-440d-b294-d0b89f645eec,74,DEBIT,13.45,2018-02-22T19:00:00.000+0000,TRANSPORT,225104233 SUBER FAST TRANSPORT PTE LTD
740e40c7-aec4-405e-99cb-6078ea352e47,74,DEBIT,13.66,2018-02-23T02:00:00.000+0000,TRANSPORT,34684237 FAST-TREK TRANSPORT
6363c7a9-9dd2-4cae-a277-4d46cdae7217,74,CREDIT,41.39,2018-02-23T17:00:00.000+0000,TRANSFER,978885679 BANK FAST TRANSFER FROM 629890328
0814fc4a-08d8-4d58-b0a7-81d95ceb321b,74,DEBIT,27.27,2018-02-24T19:00:00.000+0000,F&B,626091532 PRATA AND TEH TAHRIK PLACE
705f3c1a-0268-46d0-9490-9a6903bfb051,74,DEBIT,20.33,2018-02-25T19:00:00.000+0000,F&B,432421199 THE OLIVE AFTER DARK
50f793ac-e13d-486c-93a1-5ee17197dde8,74,CREDIT,3300,2018-02-25T00:00:00.000+0000,TRANSFER,881223942 SALARY FROM 234928734
901c5884-f8bb-44bf-8c08-c93c9ba28846,74,DEBIT,16.7,2018-02-25T16:00:00.000+0000,TRANSPORT,469926639 FAST-TREK TRANSPORT
404f9c22-6574-4684-a5bf-95528381b8b8,74,DEBIT,200,2018-02-25T18:00:00.000+0000,ATM,300136419 ATM CASH WTIHDRAWAL
95595876-c857-466c-9d0d-af46a956bd4b,74,DEBIT,200,2018-02-26T08:00:00.000+0000,ATM,868868831 ATM CASH WTIHDRAWAL
8e271cb3-5a29-49a4-8373-d52cb38a822c,74,DEBIT,24.46,2018-02-27T13:00:00.000+0000,F&B,957222383 THE ROYAL ROSE
21ba03c8-9295-4ef8-b6c2-ebbb1195d006,74,DEBIT,25.71,2018-02-28T19:00:00.000+0000,F&B,179933799 FLYING DUMPLINGS RESTAURANT
d103d00a-8eae-49ce-b27f-dd7623ba390b,74,DEBIT,26.17,2018-03-01T19:00:00.000+0000,F&B,452062477 THE ORIGINAL GOAT
41164117-4de6-40af-8345-9df93b0bf759,74,DEBIT,200,2018-03-01T06:00:00.000+0000,ATM,816909141 ATM CASH WTIHDRAWAL
8e326597-65e5-4caa-8d5e-aed553a22780,74,DEBIT,24.1,2018-03-02T19:00:00.000+0000,F&B,647156524 THE VERY BEST CHICKEN RICE
240492bf-3208-499f-bf77-3d6683327206,74,DEBIT,27.25,2018-03-03T19:00:00.000+0000,F&B,739724925 PRATA AND TEH TAHRIK PLACE
3f41e808-0529-4e5f-866d-76929ed04303,74,DEBIT,19.53,2018-03-03T21:00:00.000+0000,TRANSPORT,339853861 FAST-TREK TRANSPORT
b72ed805-f1f3-49f9-b25d-3aba2872517d,74,DEBIT,26.62,2018-03-04T19:00:00.000+0000,F&B,879909134 FLYING DUMPLINGS RESTAURANT
3a765778-ebb2-40d0-af10-5e176f71b282,74,DEBIT,17.3,2018-03-04T16:00:00.000+0000,TRANSPORT,578376690 FAST-TREK TRANSPORT
58609174-4982-4656-b81e-bda5f8b56db7,74,DEBIT,29.45,2018-03-05T13:00:00.000+0000,F&B,508463163 THE ROYAL ROSE
c357a3d3-db41-4e06-8872-6d808836e782,74,DEBIT,16.24,2018-03-06T07:00:00.000+0000,TRANSPORT,827337741 JACK RIDE HAILING
be8c536e-f839-429d-b1b9-e18c805ffb34,74,DEBIT,47.87,2018-03-06T01:00:00.000+0000,TRANSFER,513144463 BANK FAST TRANSFER TO 748247867
f8cb0d09-341b-4676-9823-46b30119e98c,74,DEBIT,26.4,2018-03-07T19:00:00.000+0000,F&B,848988219 THE BURGER SHOP
9ca71da6-2b25-47c7-8077-90b2ea20f1e3,74,DEBIT,25.37,2018-03-08T19:00:00.000+0000,F&B,106471176 PRATA AND TEH TAHRIK PLACE
60221ea5-b0f2-4d85-83f4-cd6d0510b9ae,74,DEBIT,13.33,2018-03-08T08:00:00.000+0000,TRANSPORT,326942287 FAST-TREK TRANSPORT
f8c6faa2-ed80-4add-a48c-5fa52186fc61,74,DEBIT,24.03,2018-03-09T13:00:00.000+0000,F&B,259794846 FLYING DUMPLINGS RESTAURANT
6c84bcca-1d56-4530-a53d-d173791c0372,74,DEBIT,15.97,2018-03-09T12:00:00.000+0000,TRANSPORT,860635118 SUBER FAST TRANSPORT PTE LTD
62ee88c8-808e-4df2-8879-73b2ddf19f02,74,DEBIT,200,2018-03-09T12:00:00.000+0000,ATM,180800173 ATM CASH WTIHDRAWAL
cd8b9dad-1a09-4774-9d71-c1ba8818f927,74,DEBIT,24.34,2018-03-10T19:00:00.000+0000,F&B,419586257 THE ORIGINAL GOAT
7ba56843-ca82-459d-b296-519b807b58a4,74,DEBIT,25.33,2018-03-11T19:00:00.000+0000,F&B,87153904 THE ROYAL ROSE
7cd85ac3-a1c5-491e-976e-55375bc97c51,74,DEBIT,27.31,2018-03-12T13:00:00.000+0000,F&B,38886287 THE ORIGINAL GOAT
12d3cd25-e4fe-48cd-90b6-b4e4f95a182b,74,DEBIT,18.52,2018-03-12T16:00:00.000+0000,TRANSPORT,713321746 JACK RIDE HAILING
1a41d1bd-072f-4b22-8b27-b64e9e61d7fd,74,DEBIT,200,2018-03-12T10:00:00.000+0000,ATM,571957548 ATM CASH WTIHDRAWAL
eb6b944b-17d8-4170-8d9c-293e81dd47ab,74,DEBIT,25.77,2018-03-13T13:00:00.000+0000,F&B,816274938 PRATA AND TEH TAHRIK PLACE
623b1f7a-d554-48ab-b5d9-5d82c58014a5,74,DEBIT,14.64,2018-03-13T11:00:00.000+0000,TRANSPORT,829979926 SUBER FAST TRANSPORT PTE LTD
e276b08b-5a44-4195-afc5-cb05c23943a7,74,DEBIT,23.18,2018-03-15T13:00:00.000+0000,F&B,31598626 THE SILK ROOM
1fd754c0-cac7-4c6d-867f-bcbc0dbec55b,74,DEBIT,14.48,2018-03-15T03:00:00.000+0000,TRANSPORT,898900442 FAST-TREK TRANSPORT
d5fac054-0d18-497e-b704-20cad7e00a21,74,DEBIT,24.64,2018-03-16T19:00:00.000+0000,F&B,208593104 FLYING DUMPLINGS RESTAURANT
0b1a0c03-56db-4fa6-9117-66a16d2f41cc,74,DEBIT,27,2018-03-17T13:00:00.000+0000,F&B,825049426 CRAZY SPICY THAI FOOD
74f738c6-30a5-49d9-b968-6a00422c87ea,74,DEBIT,57.39,2018-03-17T07:00:00.000+0000,TRANSFER,750794181 BANK FAST TRANSFER TO 631960042
3f1fb4ca-bb5f-4e21-80de-d81a3df5563b,74,DEBIT,24.37,2018-03-18T13:00:00.000+0000,F&B,914373579 THE SPRING OYSTER
36231f5d-8686-47e9-919f-e6601257d309,74,DEBIT,200,2018-03-18T19:00:00.000+0000,ATM,998531137 ATM CASH WTIHDRAWAL
06919744-a764-466d-b876-5497be19349f,74,DEBIT,26.39,2018-03-19T19:00:00.000+0000,F&B,538002922 THE SILK ROOM
ca449254-1aee-43d1-b83f-9f88c16abf63,74,DEBIT,17.51,2018-03-19T17:00:00.000+0000,TRANSPORT,886085366 SUBER FAST TRANSPORT PTE LTD
4cd1ad1f-00d5-4394-b0b7-9f944da6e8ae,74,DEBIT,200,2018-03-19T13:00:00.000+0000,ATM,79638446 ATM CASH WTIHDRAWAL
8748fda9-9dcd-4a03-bbf3-1f52e6564cba,74,DEBIT,25.11,2018-03-20T19:00:00.000+0000,F&B,345760246 THE JADE ROOSTER
e4ffa742-521d-43c9-a45e-834e3fc04c02,74,DEBIT,33.01,2018-03-21T13:00:00.000+0000,F&B,494033344 THE JADE ROOSTER
a829a9de-a9f0-47d5-97e7-23836b94f829,74,DEBIT,20.05,2018-03-22T13:00:00.000+0000,F&B,991240208 THE SPRING OYSTER
b62dcc02-3dfc-4a4a-95c6-c5bc8c453f46,74,DEBIT,17.23,2018-03-22T05:00:00.000+0000,TRANSPORT,546975019 JACK RIDE HAILING
95896ca0-6d74-4e3b-bc69-465b321175a7,74,DEBIT,16.53,2018-03-23T22:00:00.000+0000,TRANSPORT,120763456 SUBER FAST TRANSPORT PTE LTD
2a598878-0f4c-42a3-8570-2e09f3ed0392,74,DEBIT,200,2018-03-23T13:00:00.000+0000,ATM,10641445 ATM CASH WTIHDRAWAL
36a258c6-c901-440d-ad90-8973a5ba452f,74,DEBIT,17.58,2018-03-24T00:00:00.000+0000,TRANSPORT,70940767 FAST-TREK TRANSPORT
7b08ff62-3c9b-455e-a933-c993591531bd,74,DEBIT,25.26,2018-03-25T19:00:00.000+0000,F&B,192220310 CRAZY SPICY THAI FOOD
d1d421e7-586d-40ea-b583-259cf78e261d,74,CREDIT,3300,2018-03-25T00:00:00.000+0000,TRANSFER,780034638 SALARY FROM 234928734
1fecc18e-9fee-4ead-bda3-34c11220b574,74,DEBIT,10.92,2018-03-25T12:00:00.000+0000,TRANSPORT,830280611 SUBER FAST TRANSPORT PTE LTD
d29de393-3c33-42bf-b4f0-b46d4d4f540b,74,DEBIT,22.7,2018-03-26T19:00:00.000+0000,F&B,156350540 THE SPRING OYSTER
51d244db-81d2-4a5f-a893-8fb93c1a26a1,74,DEBIT,15.58,2018-03-26T10:00:00.000+0000,TRANSPORT,725802457 FAST-TREK TRANSPORT
f337e134-e2b1-4404-a4c5-91d24d0590ac,74,DEBIT,27,2018-03-27T13:00:00.000+0000,F&B,104857391 THE JADE ROOSTER
bb21220a-39db-4f1d-a757-26a28a29bff6,74,DEBIT,9.12,2018-03-27T05:00:00.000+0000,TRANSPORT,889323542 SUBER FAST TRANSPORT PTE LTD
0a769292-58c2-41e4-896b-fec0112d5173,74,DEBIT,26.41,2018-03-28T19:00:00.000+0000,F&B,512709338 THE SILK ROOM
3bd10d37-facd-4a50-b5e7-afe642d9ef8c,74,DEBIT,13.04,2018-03-28T18:00:00.000+0000,TRANSPORT,381740261 FAST-TREK TRANSPORT
b4a0649d-9f9b-4f35-8755-1ccd5cddca7b,74,DEBIT,26.17,2018-03-29T13:00:00.000+0000,F&B,284910049 THE SILK ROOM
88af52a9-7cea-4263-b82d-4af0bbb1c051,74,DEBIT,14.11,2018-03-29T05:00:00.000+0000,TRANSPORT,773508516 SUBER FAST TRANSPORT PTE LTD
3a24959f-2bc2-4bbd-9162-8b741cd53315,74,DEBIT,26.29,2018-03-30T13:00:00.000+0000,F&B,734268546 PRATA AND TEH TAHRIK PLACE
92eb4ec7-5442-4b9e-a648-69df88e494ae,74,DEBIT,13.28,2018-03-30T21:00:00.000+0000,TRANSPORT,142494131 FAST-TREK TRANSPORT
4c5e6f09-2a39-4efd-86b2-185a070bb342,74,DEBIT,10.24,2018-03-31T21:00:00.000+0000,TRANSPORT,598833940 SUBER FAST TRANSPORT PTE LTD
9ad5cf40-e9a2-4be0-bae5-58822b32961a,74,DEBIT,25.24,2018-04-01T13:00:00.000+0000,F&B,149178927 THE BURGER SHOP
9ca4e44a-be38-4435-8d62-bf213a653fad,74,DEBIT,13.93,2018-04-01T11:00:00.000+0000,TRANSPORT,921896939 FAST-TREK TRANSPORT
ef49b9f2-019a-4f12-9280-a14308efe759,74,DEBIT,24.68,2018-04-03T13:00:00.000+0000,F&B,559814642 THE VANILLA ORCHARD
e82ffc2f-5870-48c4-9f9d-7ead228db924,74,DEBIT,15.8,2018-04-04T21:00:00.000+0000,TRANSPORT,539817596 JACK RIDE HAILING
eb99eaf1-a091-4239-b324-1c9fc56fc2a3,74,CREDIT,52.02,2018-04-04T06:00:00.000+0000,TRANSFER,348370337 BANK FAST TRANSFER FROM 883928530
09444111-cf80-4af9-a96a-62d63e4ac8e6,74,DEBIT,25.71,2018-04-05T19:00:00.000+0000,F&B,110386173 THE ROYAL ROSE
34c55924-361b-4c3e-ad50-f71622991f73,74,CREDIT,55.52,2018-04-06T12:00:00.000+0000,TRANSFER,404062799 BANK FAST TRANSFER FROM 726538616
8265617d-2035-47d1-87f1-5a34b84be2fb,74,DEBIT,30.3,2018-04-07T13:00:00.000+0000,F&B,555897951 THE PROUD TABLE
ce862a86-2033-4542-b1be-9202db04cb3f,74,DEBIT,18.41,2018-04-07T18:00:00.000+0000,TRANSPORT,329579373 JACK RIDE HAILING
1b98bbe1-67ef-4d79-a0fb-f3a0b45d2707,74,CREDIT,54.47,2018-04-07T01:00:00.000+0000,TRANSFER,726478171 BANK FAST TRANSFER FROM 983233586
d37dd67e-47ec-44ae-9494-6aee68703545,74,DEBIT,13.24,2018-04-08T04:00:00.000+0000,TRANSPORT,500258782 JACK RIDE HAILING
498d640a-9e8b-43d5-b2ed-5810090ba98a,74,DEBIT,200,2018-04-08T12:00:00.000+0000,ATM,602854957 ATM CASH WTIHDRAWAL
fe554603-87c8-48f2-be8a-34b77c560128,74,DEBIT,21.85,2018-04-09T13:00:00.000+0000,F&B,828958103 THE PROUD TABLE
a846a9e9-ebe6-4703-ad29-0b0cfa3386ad,74,DEBIT,21.82,2018-04-11T13:00:00.000+0000,F&B,390733696 FLYING DUMPLINGS RESTAURANT
77ace77d-4a7a-495d-b45d-1bb662f2d37d,74,DEBIT,21.66,2018-04-12T19:00:00.000+0000,F&B,493527569 THE ROYAL ROSE
636aa11f-f51d-4a65-b170-01f992ace1ce,74,DEBIT,9.06,2018-04-12T18:00:00.000+0000,TRANSPORT,834860607 FAST-TREK TRANSPORT
f61abe0b-d60b-45ec-9eb8-633826868ceb,74,DEBIT,28.36,2018-04-13T19:00:00.000+0000,F&B,20101769 THE SILK ROOM
ce867e70-f0d2-4339-b123-b765db6b27a2,74,DEBIT,29.97,2018-04-14T13:00:00.000+0000,F&B,42885443 THE ORIGINAL GOAT
c010a41b-428d-4fc8-a774-33d23fe3a299,74,DEBIT,11.29,2018-04-14T07:00:00.000+0000,TRANSPORT,154851054 SUBER FAST TRANSPORT PTE LTD
65efb2bb-8e8f-4696-9e1b-7c13c25938a1,74,DEBIT,14.66,2018-04-15T11:00:00.000+0000,TRANSPORT,520514406 FAST-TREK TRANSPORT
64b4920c-3f29-42ae-b4b8-c6600cd0de7b,74,DEBIT,29.35,2018-04-16T19:00:00.000+0000,F&B,317509158 CRAZY SPICY THAI FOOD
d49a75e5-c561-441b-84ab-4b906356220d,74,DEBIT,14.27,2018-04-16T14:00:00.000+0000,TRANSPORT,833703996 JACK RIDE HAILING
ab938ef7-3534-448e-bb3e-db437d4031fb,74,DEBIT,44.47,2018-04-16T18:00:00.000+0000,TRANSFER,689366012 BANK FAST TRANSFER TO 412033219
4534a95f-be3b-4994-a303-f04db5d36104,74,DEBIT,22.18,2018-04-17T19:00:00.000+0000,F&B,562870308 FLYING DUMPLINGS RESTAURANT
5eccbb5f-9753-4968-b5a5-ee79eb069f1f,74,DEBIT,14.49,2018-04-17T07:00:00.000+0000,TRANSPORT,780888159 SUBER FAST TRANSPORT PTE LTD
12dee65b-3c1d-40b3-ad96-241f8d2cf15b,74,DEBIT,200,2018-04-17T04:00:00.000+0000,ATM,834278220 ATM CASH WTIHDRAWAL
dfef5544-09b2-4692-8643-b714b4679e2d,74,DEBIT,24.92,2018-04-18T13:00:00.000+0000,F&B,709610227 THE ROYAL ROSE
312e9460-02b0-47ba-a865-08615a4eaa88,74,DEBIT,13.18,2018-04-19T21:00:00.000+0000,TRANSPORT,688669301 JACK RIDE HAILING
c559491b-b154-495d-ade4-6d3448def7dc,74,DEBIT,25.04,2018-04-20T19:00:00.000+0000,F&B,505315531 THE SPRING OYSTER
a24b610c-f147-41d2-8fea-f0fc6fde6fa0,74,DEBIT,11.56,2018-04-20T07:00:00.000+0000,TRANSPORT,178481760 JACK RIDE HAILING
fb5250ae-99bf-47a4-9b57-45b9d29316e6,74,DEBIT,55.24,2018-04-21T21:00:00.000+0000,TRANSFER,548474589 BANK FAST TRANSFER TO 170388298
51440ca3-7fe4-4149-8235-d93340c9dca0,74,DEBIT,25.33,2018-04-22T13:00:00.000+0000,F&B,204357624 THE ORIGINAL GOAT
c20e9df3-9b38-49a1-a7f1-1d4c0a083453,74,DEBIT,17.36,2018-04-22T03:00:00.000+0000,TRANSPORT,584656695 FAST-TREK TRANSPORT
f702364e-2774-4e4e-94ae-e0e10eed5826,74,DEBIT,51.35,2018-04-22T05:00:00.000+0000,TRANSFER,447046883 BANK FAST TRANSFER TO 219215491
cad5bf82-e173-4746-836b-d066cfd12512,74,DEBIT,200,2018-04-22T04:00:00.000+0000,ATM,726605049 ATM CASH WTIHDRAWAL
a5c94b10-2a1a-49ba-95fc-bdb136019102,74,DEBIT,23.46,2018-04-23T13:00:00.000+0000,F&B,747374046 THE PROUD TABLE
a7e11053-c818-423c-a0ed-02febc90520b,74,DEBIT,200,2018-04-23T14:00:00.000+0000,ATM,314727762 ATM CASH WTIHDRAWAL
286debf9-5a63-4816-ac66-deeb682a2cb0,74,DEBIT,21.62,2018-04-24T19:00:00.000+0000,F&B,943712795 THE ORIGINAL GOAT
12d557f1-dad2-4b04-b73e-09b2e7895a5e,74,DEBIT,24.83,2018-04-25T19:00:00.000+0000,F&B,304531403 THE ORIGINAL GOAT
67a3f707-8f7f-47a6-82e2-7dfe7736b8ff,74,CREDIT,3300,2018-04-25T00:00:00.000+0000,TRANSFER,113901534 SALARY FROM 234928734
d7160347-7581-4904-9df7-a100e66523ed,74,DEBIT,23.19,2018-04-26T13:00:00.000+0000,F&B,167039377 LITTLE PERSIA
6349908f-0c7c-4f10-b74f-284d1edf17ce,74,DEBIT,25.5,2018-04-27T19:00:00.000+0000,F&B,834501476 PRATA AND TEH TAHRIK PLACE
57845240-9a56-4359-bfaf-608afb230e14,74,DEBIT,24.6,2018-04-28T19:00:00.000+0000,F&B,897049346 THE PROUD TABLE
6c0030dc-afbe-40d9-adf7-08708d890920,74,DEBIT,21.98,2018-04-29T13:00:00.000+0000,F&B,53175860 PRATA AND TEH TAHRIK PLACE
4b1d31ed-d52a-4f74-ab06-b1e6d157d4a7,74,DEBIT,15.42,2018-04-29T18:00:00.000+0000,TRANSPORT,66767163 JACK RIDE HAILING
ed1c2cc5-756d-4c28-962d-9cebac0e1f02,74,DEBIT,200,2018-04-29T01:00:00.000+0000,ATM,10312855 ATM CASH WTIHDRAWAL
7f415cc1-e369-46d2-979c-8d3f0b0c501a,74,DEBIT,21.11,2018-04-30T19:00:00.000+0000,F&B,166339741 THE ORIGINAL GOAT
23fa1998-6d7f-40df-bf4d-945daced71a4,74,DEBIT,20.33,2018-05-01T13:00:00.000+0000,F&B,305962313 PRATA AND TEH TAHRIK PLACE
ecf1a67d-601f-4690-9180-bf1621ace80e,74,DEBIT,16.91,2018-05-02T22:00:00.000+0000,TRANSPORT,437523355 FAST-TREK TRANSPORT
d4fac3a5-0e11-42b2-a462-ef9ccc159164,74,DEBIT,24.57,2018-05-03T19:00:00.000+0000,F&B,915972315 LITTLE PERSIA
14eae608-ff36-4d0b-bc84-42f5ef6608a4,74,DEBIT,18.83,2018-05-03T21:00:00.000+0000,TRANSPORT,830382910 SUBER FAST TRANSPORT PTE LTD
019e7cb7-ff69-4753-9ebf-d2e4adce2efd,74,DEBIT,15.34,2018-05-04T21:00:00.000+0000,TRANSPORT,340511443 SUBER FAST TRANSPORT PTE LTD
df9ff786-5c2e-48f7-8854-a1c8e6ea4514,74,DEBIT,17.96,2018-05-05T07:00:00.000+0000,TRANSPORT,307182914 FAST-TREK TRANSPORT
748d1928-d0c3-47d3-bcff-53797fa2c12b,74,DEBIT,26.7,2018-05-07T13:00:00.000+0000,F&B,473771997 BONES
c2d17cf9-50e1-4c31-9f92-6c5c6adba606,74,DEBIT,26.08,2018-05-06T13:00:00.000+0000,F&B,912730064 FLYING DUMPLINGS RESTAURANT
0a7afb4a-ace0-4bf9-bd3a-23e4aa28cd14,74,DEBIT,17.1,2018-05-06T10:00:00.000+0000,TRANSPORT,690150863 FAST-TREK TRANSPORT
b4459a77-2981-48c8-9353-7a055cc7151d,74,DEBIT,9.49,2018-05-07T02:00:00.000+0000,TRANSPORT,739819121 FAST-TREK TRANSPORT
80722b7b-0f79-46c1-9738-4ba73efce923,74,DEBIT,200,2018-05-07T07:00:00.000+0000,ATM,441940297 ATM CASH WTIHDRAWAL
49cde7bf-7527-4534-8d1e-abbae4da35ec,74,DEBIT,20.8,2018-05-08T19:00:00.000+0000,F&B,623761372 THE ROYAL ROSE
fd7ab4f4-cb0e-4e3c-b2c6-c0b641c0286a,74,DEBIT,22.57,2018-05-09T13:00:00.000+0000,F&B,95429142 THE OLIVE AFTER DARK
9f28c66e-6ada-4394-b431-2b1e7509e7ff,74,DEBIT,27.71,2018-05-10T13:00:00.000+0000,F&B,444811439 LITTLE PERSIA
964b8fa1-ef3d-495e-abd0-dfd180943d62,74,DEBIT,14.36,2018-05-10T20:00:00.000+0000,TRANSPORT,965358076 JACK RIDE HAILING
0ea09208-1848-465b-a85f-be4dceda9f60,74,DEBIT,23.53,2018-05-11T19:00:00.000+0000,F&B,667704470 THE SILK ROOM
c30cc818-4ded-4b0b-a72a-a25210a1c191,74,DEBIT,13.05,2018-05-11T07:00:00.000+0000,TRANSPORT,392369130 SUBER FAST TRANSPORT PTE LTD
a96830dd-88bd-4830-8900-d1dc3215c58a,74,DEBIT,12.26,2018-05-12T04:00:00.000+0000,TRANSPORT,103815003 JACK RIDE HAILING
6b78f6f8-606b-42b5-8861-5324f0299374,74,DEBIT,31.27,2018-05-13T19:00:00.000+0000,F&B,330137553 THE VANILLA ORCHARD
888f8230-aaa9-49a7-95cd-2f1d5c93fad6,74,DEBIT,14.85,2018-05-13T09:00:00.000+0000,TRANSPORT,743337792 FAST-TREK TRANSPORT
c59c9ef4-d689-4ab3-9743-5b3794fb0818,74,DEBIT,28.07,2018-05-14T13:00:00.000+0000,F&B,65582039 THE VANILLA ORCHARD
1bb59932-a9bd-44a5-aead-aa9ae969be4b,74,DEBIT,12.08,2018-05-14T15:00:00.000+0000,TRANSPORT,608522993 FAST-TREK TRANSPORT
bfbc6356-c317-4f1f-92f8-6ca53e9cd62b,74,DEBIT,27.45,2018-05-15T13:00:00.000+0000,F&B,908006668 PRATA AND TEH TAHRIK PLACE
c04c4276-6c9e-4077-a08c-e4c0c6d3fed0,74,DEBIT,18.23,2018-05-15T03:00:00.000+0000,TRANSPORT,702158019 FAST-TREK TRANSPORT
80b3a17e-7de3-4c39-b830-dec9b6eeb7c0,74,DEBIT,25.33,2018-05-16T13:00:00.000+0000,F&B,799473 THE OLIVE AFTER DARK
039b8aee-8187-4d3d-a5a0-25952b73f1f0,74,DEBIT,26.48,2018-05-17T19:00:00.000+0000,F&B,419538020 THE ORIGINAL GOAT
ed0e64b1-8bbb-4bfa-966b-7ad241009952,74,DEBIT,13.86,2018-05-17T03:00:00.000+0000,TRANSPORT,575650170 FAST-TREK TRANSPORT
ff0287f4-ad8e-4a34-9752-8b0398b41637,74,DEBIT,25.33,2018-05-18T19:00:00.000+0000,F&B,916103972 CRAZY SPICY THAI FOOD
213901e3-60e6-4cd8-ae7d-e58a64b158ce,74,DEBIT,9.31,2018-05-18T11:00:00.000+0000,TRANSPORT,860209468 FAST-TREK TRANSPORT
09754053-b6ce-449e-add2-85818e0b003f,74,CREDIT,42.69,2018-05-18T08:00:00.000+0000,TRANSFER,485221601 BANK FAST TRANSFER FROM 680797765
a6617fc9-35ba-42c6-a641-066b78ad5905,74,DEBIT,29.17,2018-05-19T13:00:00.000+0000,F&B,554448076 THE SPRING OYSTER
1b86b649-f31e-45be-8c8e-e70a7d24bf30,74,DEBIT,200,2018-05-19T09:00:00.000+0000,ATM,861739012 ATM CASH WTIHDRAWAL
7018147f-98d8-4a01-a66c-c922ea4e7a94,74,DEBIT,28.57,2018-05-21T13:00:00.000+0000,F&B,228528518 THE OLIVE AFTER DARK
31df91af-8caf-4a26-85ce-8fc22b258588,74,DEBIT,17.63,2018-05-21T00:00:00.000+0000,TRANSPORT,742411582 JACK RIDE HAILING
103a4e9c-dace-47bc-ba12-98507b52a167,74,DEBIT,200,2018-05-21T16:00:00.000+0000,ATM,350588682 ATM CASH WTIHDRAWAL
868d86f8-7814-4d29-8331-a332e298c654,74,DEBIT,24.84,2018-05-22T19:00:00.000+0000,F&B,508150582 FLYING DUMPLINGS RESTAURANT
1c0239a5-609b-4ddf-b779-c6814822294e,74,DEBIT,11.32,2018-05-22T01:00:00.000+0000,TRANSPORT,371263746 SUBER FAST TRANSPORT PTE LTD
5558156c-6c04-4eda-ab2c-b50fe4cb0929,74,DEBIT,200,2018-05-23T16:00:00.000+0000,ATM,267507828 ATM CASH WTIHDRAWAL
723975ef-d34b-4873-bd3e-6bf1630bb68b,74,DEBIT,20.86,2018-05-24T19:00:00.000+0000,F&B,76888035 THE ORIGINAL GOAT
2d6763aa-af19-4933-9445-f384606a333b,74,DEBIT,15.26,2018-05-24T19:00:00.000+0000,TRANSPORT,381329162 SUBER FAST TRANSPORT PTE LTD
d2a76194-0397-4b42-b1c7-bf50b74a7fc1,74,DEBIT,20.86,2018-05-25T19:00:00.000+0000,F&B,886922459 PRATA AND TEH TAHRIK PLACE
b4729af5-f6aa-4d7b-a873-3e03f592f8f3,74,CREDIT,3300,2018-05-25T00:00:00.000+0000,TRANSFER,843912027 SALARY FROM 234928734
78519bb5-ea9c-4d98-acab-438c5538434f,74,DEBIT,200,2018-05-25T14:00:00.000+0000,ATM,451914223 ATM CASH WTIHDRAWAL
41dbea49-8cb2-45a9-bca0-692fdf9c1c1b,74,DEBIT,28.67,2018-05-26T19:00:00.000+0000,F&B,588637083 THE VANILLA ORCHARD
c4168855-297d-4cf8-80d4-f7c76a900434,74,DEBIT,9.59,2018-05-26T21:00:00.000+0000,TRANSPORT,645410814 SUBER FAST TRANSPORT PTE LTD
36010628-95b2-4740-97b9-445d917c6060,74,DEBIT,28.27,2018-05-27T19:00:00.000+0000,F&B,414304822 BONES
03a73c1c-8771-4f29-bc9c-f6d58a13e5d6,74,DEBIT,25.6,2018-05-28T19:00:00.000+0000,F&B,427798013 THE ROYAL ROSE
6ed8403c-04cf-4290-937f-ddc7b079c4c7,74,DEBIT,200,2018-05-28T04:00:00.000+0000,ATM,548460796 ATM CASH WTIHDRAWAL
f18d1163-7a92-4ccb-9d57-8bd6f37de995,74,DEBIT,27.13,2018-05-29T19:00:00.000+0000,F&B,496540160 PRATA AND TEH TAHRIK PLACE
ae66790f-b9bd-44c2-a85d-aeb817959097,74,DEBIT,14.77,2018-05-29T00:00:00.000+0000,TRANSPORT,854653646 SUBER FAST TRANSPORT PTE LTD
0a073cf7-88fb-4aab-9abc-bde61fd789e2,74,DEBIT,23.43,2018-05-30T19:00:00.000+0000,F&B,761954474 THE JADE ROOSTER
6a7a6645-ea16-480d-b456-bb890ae55660,74,DEBIT,14.66,2018-05-30T10:00:00.000+0000,TRANSPORT,307325710 JACK RIDE HAILING
2c6f3edb-fefd-4aaf-9a79-faa84cac777f,74,DEBIT,200,2018-05-30T21:00:00.000+0000,ATM,470022767 ATM CASH WTIHDRAWAL
e61314f4-6cd8-460e-bd6e-de3f71fc11a9,74,DEBIT,22.25,2018-05-31T19:00:00.000+0000,F&B,661689774 THE ORIGINAL GOAT
1a5873b2-60fe-4f82-9f64-1e589a4dde67,74,DEBIT,23.42,2018-06-01T13:00:00.000+0000,F&B,486993561 PRATA AND TEH TAHRIK PLACE
ef2b00cd-ecfc-4003-b225-0a2875ffe0bb,74,DEBIT,20.68,2018-06-02T13:00:00.000+0000,F&B,535900269 THE PROUD TABLE
4e422d37-1967-4102-860a-334cf093dd13,74,DEBIT,18.32,2018-06-03T13:00:00.000+0000,F&B,537419643 THE BURGER SHOP
c7cfd263-a7fa-434f-94f6-f5938222b5fd,74,DEBIT,20.71,2018-06-04T19:00:00.000+0000,F&B,221019711 PRATA AND TEH TAHRIK PLACE
58e6898e-8aaf-43ff-873a-14fa759d37bd,74,DEBIT,16.9,2018-06-04T07:00:00.000+0000,TRANSPORT,628405134 FAST-TREK TRANSPORT
c4c2290a-6fbc-4115-9a1d-1ee3d1316ec3,74,DEBIT,21.42,2018-06-05T19:00:00.000+0000,F&B,984802859 THE SILK ROOM
778eeb1a-825e-4219-99f9-aa6ff44968ef,74,DEBIT,13.6,2018-06-05T02:00:00.000+0000,TRANSPORT,611393783 FAST-TREK TRANSPORT
06ef21bd-4064-4ba9-b6c2-56e37c796ae1,74,DEBIT,23.32,2018-06-06T13:00:00.000+0000,F&B,557229635 THE BURGER SHOP
bc305d7d-b00f-4209-afa1-65885c24c31c,74,DEBIT,18.36,2018-06-06T06:00:00.000+0000,TRANSPORT,145526399 FAST-TREK TRANSPORT
6b480c82-591c-436e-9002-06e815a8c82f,74,DEBIT,12.08,2018-06-07T14:00:00.000+0000,TRANSPORT,497788465 JACK RIDE HAILING
287e61bc-4785-4d97-8e4d-f674ba16570a,74,DEBIT,23.07,2018-06-08T13:00:00.000+0000,F&B,589493890 THE ORIGINAL GOAT
549b563b-c124-4558-8ac7-32b217a960a4,74,DEBIT,15.99,2018-06-08T18:00:00.000+0000,TRANSPORT,433866793 SUBER FAST TRANSPORT PTE LTD
3691992d-4b7b-4283-be60-659a2cb07d97,74,DEBIT,200,2018-06-08T03:00:00.000+0000,ATM,481151397 ATM CASH WTIHDRAWAL
43463b37-3dd0-41b7-8712-1238a4d22309,74,DEBIT,21.5,2018-06-09T13:00:00.000+0000,F&B,578094493 THE SPRING OYSTER
3340bba2-93f6-4c7b-be0a-d588b47b83bc,74,DEBIT,22.71,2018-06-10T19:00:00.000+0000,F&B,863064047 THE ORIGINAL GOAT
e46b37fa-d6c2-448c-abce-6eb6ed791ad6,74,DEBIT,14.18,2018-06-10T19:00:00.000+0000,TRANSPORT,723870166 FAST-TREK TRANSPORT
c75597c6-3e13-47b3-babc-a53dace45e9d,74,DEBIT,20.72,2018-06-11T19:00:00.000+0000,F&B,785739578 THE VANILLA ORCHARD
2cbefc51-9d6c-4640-947c-24495011f2f0,74,DEBIT,24.88,2018-06-12T19:00:00.000+0000,F&B,143135583 THE SPRING OYSTER
c5dc5a5b-9e01-4fba-ab63-31ad12c87005,74,DEBIT,12.69,2018-06-12T13:00:00.000+0000,TRANSPORT,332775115 JACK RIDE HAILING
cde3ca66-94ef-4f75-a5fa-bc7f2020ccc4,74,DEBIT,27.65,2018-06-13T13:00:00.000+0000,F&B,35468113 THE OLIVE AFTER DARK
ef0d7746-150e-4d0b-ad5e-628570afdc63,74,DEBIT,19.19,2018-06-13T10:00:00.000+0000,TRANSPORT,753640045 FAST-TREK TRANSPORT
e94c448d-62ae-4d27-b2a6-4ffbb1af7685,74,DEBIT,32.4,2018-06-14T13:00:00.000+0000,F&B,918281333 THE PROUD TABLE
cffd6b08-fbff-4985-a8ec-c2c8ca7bfb20,74,DEBIT,28.42,2018-06-15T13:00:00.000+0000,F&B,676074148 THE ROYAL ROSE
9a93c2ae-951b-45d1-8948-faee1643fda8,74,DEBIT,26.75,2018-06-16T19:00:00.000+0000,F&B,919795008 THE VANILLA ORCHARD
00c72c55-e644-4cda-ac9b-b1ce4d2e4dcf,74,DEBIT,12.44,2018-06-16T19:00:00.000+0000,TRANSPORT,227574854 SUBER FAST TRANSPORT PTE LTD
700afd56-c7ee-43df-adf5-0140d282c6ef,74,DEBIT,200,2018-06-16T22:00:00.000+0000,ATM,133175732 ATM CASH WTIHDRAWAL
fc2ff3aa-8a43-473b-876b-8e96f072027f,74,DEBIT,24.07,2018-06-17T13:00:00.000+0000,F&B,462275355 PRATA AND TEH TAHRIK PLACE
b8b02d18-ee0a-4a84-a04b-9f9a00c5d6f0,74,DEBIT,14.83,2018-06-17T00:00:00.000+0000,TRANSPORT,287550798 FAST-TREK TRANSPORT
0bde2e8f-4d01-4301-876f-d4482e7feecb,74,DEBIT,22.94,2018-06-18T19:00:00.000+0000,F&B,270130029 THE SILK ROOM
cc7e5dbf-330a-48ff-a9d9-3b6f0d2621c0,74,DEBIT,16.85,2018-06-18T18:00:00.000+0000,TRANSPORT,107101642 FAST-TREK TRANSPORT
6d5e46bb-ace8-4549-8f72-b97ba38ee746,74,DEBIT,200,2018-06-18T11:00:00.000+0000,ATM,128699315 ATM CASH WTIHDRAWAL
feeafe39-965b-42ff-a6f3-47187cc50a6a,74,DEBIT,14.06,2018-06-19T16:00:00.000+0000,TRANSPORT,526622750 SUBER FAST TRANSPORT PTE LTD
41b4d1f8-d0d4-4d2a-a6d5-d6dae84c70b2,74,DEBIT,52.19,2018-06-19T06:00:00.000+0000,TRANSFER,49995936 BANK FAST TRANSFER TO 788761199
86792d09-233b-4a25-b2c3-e65955e1cfdc,74,DEBIT,18.04,2018-06-20T18:00:00.000+0000,TRANSPORT,781588245 SUBER FAST TRANSPORT PTE LTD
2b5ce0c6-516a-4a86-a4c0-78847775cb4a,74,DEBIT,24.1,2018-06-21T13:00:00.000+0000,F&B,932792083 LITTLE PERSIA
892ff713-b358-4092-93eb-2aa18925bc38,74,DEBIT,20.16,2018-06-22T19:00:00.000+0000,F&B,584561008 THE ROYAL ROSE
cace9378-3e8e-46a0-913a-9d6f67231e0c,74,DEBIT,28.6,2018-06-23T19:00:00.000+0000,F&B,533336606 BONES
7f5035ac-16e0-4a92-9271-6f4e326b746a,74,DEBIT,15.32,2018-06-23T04:00:00.000+0000,TRANSPORT,189853739 JACK RIDE HAILING
77841ca0-6565-46fc-a8b5-b9c57e7c69e8,74,DEBIT,24.77,2018-06-24T19:00:00.000+0000,F&B,632164905 THE VANILLA ORCHARD
5176c3ee-f6e6-4736-a900-0f4f84a2a00a,74,DEBIT,16.28,2018-06-24T09:00:00.000+0000,TRANSPORT,882187379 JACK RIDE HAILING
9e15ee0f-a440-4738-aea3-e91ffc91f8fd,74,DEBIT,19.19,2018-06-25T19:00:00.000+0000,F&B,858788866 THE JADE ROOSTER
ecb162df-d22a-40c7-acc2-256a4980c4cd,74,CREDIT,3300,2018-06-25T00:00:00.000+0000,TRANSFER,578137380 SALARY FROM 234928734
ea7500e7-45ce-4c99-ad1a-ec95afab429a,74,DEBIT,16.46,2018-06-25T05:00:00.000+0000,TRANSPORT,280728563 FAST-TREK TRANSPORT
08741f9e-4ab6-4e05-8c66-18445653f5ba,74,DEBIT,200,2018-06-25T14:00:00.000+0000,ATM,472479907 ATM CASH WTIHDRAWAL
2d7a5514-bcc6-46ff-abd3-eac53a6bc652,74,DEBIT,29.57,2018-06-26T13:00:00.000+0000,F&B,427382497 BONES
1b164be2-0df7-426c-a591-dcf14c8249f5,74,DEBIT,24.81,2018-06-27T13:00:00.000+0000,F&B,957465345 THE SILK ROOM
1e3dcc6c-63e9-4ca2-8c0e-28005b1bc429,74,DEBIT,26.05,2018-06-28T19:00:00.000+0000,F&B,179775939 THE BURGER SHOP
46644c68-d334-4593-a39e-61d9c4c86fb0,74,DEBIT,200,2018-06-28T06:00:00.000+0000,ATM,195747703 ATM CASH WTIHDRAWAL
ea0469f2-aa4a-49e9-b929-3514a8e4cd31,74,DEBIT,14.24,2018-06-29T15:00:00.000+0000,TRANSPORT,687825094 FAST-TREK TRANSPORT
ac813f84-658a-4eb7-b9ef-392692382b2e,74,DEBIT,26.65,2018-06-30T13:00:00.000+0000,F&B,453010008 THE JADE ROOSTER
eafdb811-4bf5-40ed-9c6f-406dadcbe586,74,DEBIT,13.76,2018-06-30T07:00:00.000+0000,TRANSPORT,339457787 SUBER FAST TRANSPORT PTE LTD
794ef5e6-8f81-4df6-b32a-c2c4292e7351,74,DEBIT,22.9,2018-07-01T13:00:00.000+0000,F&B,633132952 THE PROUD TABLE
60aa5d52-418d-480e-930f-fca552838021,74,DEBIT,10.31,2018-07-01T11:00:00.000+0000,TRANSPORT,79649592 JACK RIDE HAILING
0ab95f0d-baac-4979-910c-7db29f14850d,74,DEBIT,30.92,2018-07-02T19:00:00.000+0000,F&B,5613144 THE PROUD TABLE
d4c73db0-cd9d-4504-81ea-cf4cf7c7e6d7,74,DEBIT,22.67,2018-07-03T19:00:00.000+0000,F&B,631156621 THE ROYAL ROSE
39e2a071-58dd-433c-b674-00522533a084,74,DEBIT,17.62,2018-07-03T07:00:00.000+0000,TRANSPORT,434368505 SUBER FAST TRANSPORT PTE LTD
2e27d0ca-3787-4961-8b9d-49d57e22cd05,74,CREDIT,57.14,2018-07-03T08:00:00.000+0000,TRANSFER,980228447 BANK FAST TRANSFER FROM 829455545
ef52d015-d998-425e-9ed8-6cf6d6448edd,74,DEBIT,25.22,2018-07-04T13:00:00.000+0000,F&B,106004136 THE SILK ROOM
4185b90e-d3f6-46a3-ac65-57b21842e32f,74,DEBIT,18.92,2018-07-06T19:00:00.000+0000,F&B,821783539 THE PROUD TABLE
8e11c19e-58cc-4ace-9c08-c4321bc25c4f,74,DEBIT,25.55,2018-07-07T19:00:00.000+0000,F&B,742425972 THE SILK ROOM
d6fcf94d-b12a-4626-894b-4be00986f8cd,74,DEBIT,20.06,2018-07-08T19:00:00.000+0000,F&B,713797835 LITTLE PERSIA
c10aa77b-8073-46f8-bf14-94470f836520,74,CREDIT,48,2018-07-08T06:00:00.000+0000,TRANSFER,999763236 BANK FAST TRANSFER FROM 977218232
2fc69c18-3e53-40d6-a7c7-dfbcbd3abb35,74,DEBIT,23.83,2018-07-09T13:00:00.000+0000,F&B,32563402 THE VERY BEST CHICKEN RICE
0e154b78-d52e-4500-9ff5-19a891825b29,74,DEBIT,16.83,2018-07-09T00:00:00.000+0000,TRANSPORT,698309060 FAST-TREK TRANSPORT
8ebd875a-995f-40d1-af51-a9a41ccb4067,74,DEBIT,25.51,2018-07-10T19:00:00.000+0000,F&B,325804637 BONES
b792598a-eaf9-4bbf-8924-1339e4221721,74,DEBIT,14.13,2018-07-10T15:00:00.000+0000,TRANSPORT,458277041 JACK RIDE HAILING
f62e2ab0-2deb-456f-ac3e-98634bf33c50,74,DEBIT,19.6,2018-07-11T19:00:00.000+0000,F&B,785918405 LITTLE PERSIA
a0175f00-342c-485b-ab8c-e2b1320e162f,74,DEBIT,200,2018-07-11T16:00:00.000+0000,ATM,335581709 ATM CASH WTIHDRAWAL
5bdef6fe-c937-48c3-928f-2db8819220d2,74,DEBIT,22.94,2018-07-12T13:00:00.000+0000,F&B,494369414 BONES
53be1b23-269c-4e95-9648-7280ad8b51a2,74,DEBIT,23.88,2018-07-13T13:00:00.000+0000,F&B,55707557 THE SILK ROOM
577221ce-bc21-4f5f-b439-34435dbab5d6,74,CREDIT,46.63,2018-07-13T21:00:00.000+0000,TRANSFER,926330796 BANK FAST TRANSFER FROM 993975919
64669f04-af82-404f-afca-ef0b39bc4e08,74,DEBIT,25.1,2018-07-14T13:00:00.000+0000,F&B,489078018 PRATA AND TEH TAHRIK PLACE
9d33f5ca-7aed-406a-ad86-73d048f6cea1,74,DEBIT,17.99,2018-07-14T03:00:00.000+0000,TRANSPORT,911067429 SUBER FAST TRANSPORT PTE LTD
1ab97bf4-346a-4eb4-ba3f-ffd6abb0324a,74,DEBIT,26.97,2018-07-16T13:00:00.000+0000,F&B,730620538 PRATA AND TEH TAHRIK PLACE
8107f27a-e114-48ee-8c7c-d5f5d5c46fd1,74,DEBIT,18.07,2018-07-17T17:00:00.000+0000,TRANSPORT,698256568 SUBER FAST TRANSPORT PTE LTD
4ef2436d-9887-4ffb-8669-e86f885b254c,74,DEBIT,27.82,2018-07-18T13:00:00.000+0000,F&B,867221117 THE VERY BEST CHICKEN RICE
5c1dd1b3-f517-4a8e-b2f0-7fd6fcb9a609,74,DEBIT,27.82,2018-07-19T19:00:00.000+0000,F&B,365529361 LITTLE PERSIA
c7263eba-caaf-488c-9097-27cb2d64697b,74,DEBIT,16.63,2018-07-19T14:00:00.000+0000,TRANSPORT,52749029 FAST-TREK TRANSPORT
9e6610ff-1259-46c5-91b8-5748fa9dcc94,74,DEBIT,24.6,2018-07-20T19:00:00.000+0000,F&B,782232765 THE JADE ROOSTER
8fea9330-bca3-402e-8b6b-103d56668881,74,DEBIT,11.18,2018-07-20T02:00:00.000+0000,TRANSPORT,192544051 FAST-TREK TRANSPORT
d0cfdb0c-292a-4e95-819c-1363f3ffd31b,74,CREDIT,53.61,2018-07-20T12:00:00.000+0000,TRANSFER,552791779 BANK FAST TRANSFER FROM 448265043
d00deb07-c568-4c0a-9813-c8fab5e0a354,74,DEBIT,27.69,2018-07-21T19:00:00.000+0000,F&B,811780482 THE VERY BEST CHICKEN RICE
ab4beaf5-94d7-4e04-ab95-0eba0ef7ba9b,74,CREDIT,49.23,2018-07-21T08:00:00.000+0000,TRANSFER,567696285 BANK FAST TRANSFER FROM 593166706
8cd2317b-16d0-491a-8917-7c8f3e647c03,74,DEBIT,200,2018-07-21T13:00:00.000+0000,ATM,795747346 ATM CASH WTIHDRAWAL
1a34c8b8-692a-4156-9bcf-05ae3aba9f06,74,DEBIT,25.08,2018-07-22T19:00:00.000+0000,F&B,774042006 THE SPRING OYSTER
bf4fdfbe-1dab-471a-90b6-3ddf04ff3171,74,DEBIT,23.82,2018-07-23T13:00:00.000+0000,F&B,482098395 THE SPRING OYSTER
1bac7e63-0f5c-4e82-a27d-a1c0b8fae95e,74,DEBIT,22.29,2018-07-24T13:00:00.000+0000,F&B,173061779 THE VANILLA ORCHARD
8ddccbc0-3b6e-4272-afc3-4afc3460724d,74,DEBIT,14.56,2018-07-24T22:00:00.000+0000,TRANSPORT,582112284 FAST-TREK TRANSPORT
a7197407-8acc-4033-93d9-f5e089ac488a,74,DEBIT,28.2,2018-07-25T13:00:00.000+0000,F&B,374697616 THE ROYAL ROSE
ac563ce9-0e38-48fe-9308-7615677794a7,74,CREDIT,3300,2018-07-25T00:00:00.000+0000,TRANSFER,999279456 SALARY FROM 234928734
1a312ce9-a317-4804-95c7-e334f5bf4b37,74,DEBIT,55.63,2018-07-25T18:00:00.000+0000,TRANSFER,35165484 BANK FAST TRANSFER TO 925264290
08f5a662-5db1-4747-81b5-d439b27ee4ec,74,DEBIT,24.78,2018-07-26T19:00:00.000+0000,F&B,910049362 THE PROUD TABLE
fb78f903-5562-4d8d-b358-8c0aa22f0008,74,CREDIT,50.26,2018-07-26T20:00:00.000+0000,TRANSFER,975687350 BANK FAST TRANSFER FROM 304254351
3d371f60-c18e-471b-b15e-3edae57c71c8,74,DEBIT,10.85,2018-07-27T04:00:00.000+0000,TRANSPORT,536979267 SUBER FAST TRANSPORT PTE LTD
1592de57-afc6-40da-953c-57a6cccc1ee5,74,CREDIT,52.69,2018-07-27T14:00:00.000+0000,TRANSFER,705420728 BANK FAST TRANSFER FROM 250343589
fdd58c6a-9a7c-4519-9a5e-b2f1a7e28c8d,74,DEBIT,25.45,2018-07-28T19:00:00.000+0000,F&B,201802053 LITTLE PERSIA
f315dcb6-4dbf-4f23-8d74-ac10b9fd66bf,74,DEBIT,23.57,2018-07-29T19:00:00.000+0000,F&B,447444936 THE JADE ROOSTER
99be4516-f613-4f08-89ee-7ea56a183249,74,DEBIT,21.06,2018-07-30T13:00:00.000+0000,F&B,861848863 BONES
71521825-cc63-41b1-9a60-7f02a8587668,74,DEBIT,24.39,2018-07-31T13:00:00.000+0000,F&B,450933162 FLYING DUMPLINGS RESTAURANT
4428f324-ab8a-402f-85fc-d69caae6b311,74,DEBIT,24.98,2018-08-01T19:00:00.000+0000,F&B,794060922 THE SPRING OYSTER
c08e9d1b-90a7-4159-8648-39b756102eb1,74,DEBIT,10.19,2018-08-01T13:00:00.000+0000,TRANSPORT,478335090 SUBER FAST TRANSPORT PTE LTD
fd0422f9-f7e4-41d4-9f3d-68ba12ccc8e0,74,DEBIT,28.37,2018-08-02T13:00:00.000+0000,F&B,541871413 LITTLE PERSIA
80787013-0ce2-45b1-9152-58719d91d456,74,DEBIT,15.41,2018-08-02T03:00:00.000+0000,TRANSPORT,629706550 FAST-TREK TRANSPORT
f1a40d32-74c5-4053-83ca-97ad8cf345f5,74,DEBIT,24.54,2018-08-03T19:00:00.000+0000,F&B,271730675 THE BURGER SHOP
0ce58b2f-423d-40cf-ab4c-aaa012ace4bf,74,DEBIT,16.82,2018-08-03T18:00:00.000+0000,TRANSPORT,140662484 FAST-TREK TRANSPORT
a69fddc7-df8f-4570-aa37-552a756c2ad4,74,DEBIT,13.04,2018-08-04T16:00:00.000+0000,TRANSPORT,116918615 FAST-TREK TRANSPORT
045dd37a-46ec-4ae2-ad4d-11d6f8c85436,74,DEBIT,200,2018-08-04T19:00:00.000+0000,ATM,940058744 ATM CASH WTIHDRAWAL
f63524e5-8799-4ae2-8926-ab8a168ddf50,74,DEBIT,28,2018-08-05T13:00:00.000+0000,F&B,444840884 THE SILK ROOM
f02edd49-1cb8-41e7-b1bb-16618e6cd07a,74,DEBIT,13.34,2018-08-05T08:00:00.000+0000,TRANSPORT,769494774 SUBER FAST TRANSPORT PTE LTD
d0346d2d-8d59-44e1-92cf-a11764f5f65a,74,DEBIT,200,2018-08-05T20:00:00.000+0000,ATM,791929175 ATM CASH WTIHDRAWAL
903802f9-e19a-44ef-af22-dd1bdea3fcf0,74,DEBIT,24.35,2018-08-06T13:00:00.000+0000,F&B,616092774 THE PROUD TABLE
9726ad07-8767-41fd-a1c5-63f5d2ced58a,74,DEBIT,18.21,2018-08-06T12:00:00.000+0000,TRANSPORT,409576914 JACK RIDE HAILING
c38273eb-c48a-4d30-8ae4-94913af2b5a2,74,DEBIT,23.31,2018-08-07T13:00:00.000+0000,F&B,216279034 BONES
8ee846c6-bc7f-4324-992f-23fdc8ae11cf,74,DEBIT,17.32,2018-08-07T00:00:00.000+0000,TRANSPORT,934412222 JACK RIDE HAILING
47cc1583-ac20-47cd-8f16-37ed352c4fce,74,DEBIT,11.95,2018-08-09T05:00:00.000+0000,TRANSPORT,896954980 JACK RIDE HAILING
8734e345-b046-4a8f-85d3-b1b14c748762,74,DEBIT,200,2018-08-09T04:00:00.000+0000,ATM,875692436 ATM CASH WTIHDRAWAL
3a25c823-f09c-4fad-bdd3-9fa9c12e8e64,74,DEBIT,24.17,2018-08-10T19:00:00.000+0000,F&B,467956440 THE VANILLA ORCHARD
92c57aba-618c-4ab7-ad65-942dfdc5eea3,74,DEBIT,46.95,2018-08-10T09:00:00.000+0000,TRANSFER,882398266 BANK FAST TRANSFER TO 810977165
99f51528-44a0-4f02-a829-9cadf8d693a4,74,DEBIT,21.85,2018-08-11T04:00:00.000+0000,TRANSPORT,83823190 SUBER FAST TRANSPORT PTE LTD
3a41c031-7923-4d99-80c3-a0831f67e6dd,74,DEBIT,200,2018-08-11T05:00:00.000+0000,ATM,618767973 ATM CASH WTIHDRAWAL
0fcf9b22-4974-4acd-91bd-44c91575164a,74,DEBIT,25.22,2018-08-12T19:00:00.000+0000,F&B,24332665 CRAZY SPICY THAI FOOD
52ffcb4e-ff0e-4079-9da2-a5ba493635ab,74,DEBIT,14.7,2018-08-12T08:00:00.000+0000,TRANSPORT,346081467 SUBER FAST TRANSPORT PTE LTD
886d68f6-cf17-4a41-8cd1-5edf29539a16,74,DEBIT,25.51,2018-08-13T19:00:00.000+0000,F&B,868893154 THE VERY BEST CHICKEN RICE
be4403b5-95d1-44b2-9518-77a5099adfe5,74,DEBIT,17.66,2018-08-13T17:00:00.000+0000,TRANSPORT,904381787 FAST-TREK TRANSPORT
6482f628-2f83-4935-9811-299bdfdd2d12,74,DEBIT,25.72,2018-08-14T19:00:00.000+0000,F&B,761555311 CRAZY SPICY THAI FOOD
460cedbc-0c76-46ca-a891-3bab3e65d85b,74,DEBIT,24.08,2018-08-15T19:00:00.000+0000,F&B,231574911 FLYING DUMPLINGS RESTAURANT
c88d356e-103e-4d86-ac48-c2caf0a8d2b9,74,DEBIT,19.3,2018-08-16T19:00:00.000+0000,F&B,707873808 THE VANILLA ORCHARD
9a51aed7-4c34-48e0-8a5d-2fbc30a71467,74,DEBIT,200,2018-08-16T02:00:00.000+0000,ATM,875056665 ATM CASH WTIHDRAWAL
3ac152dd-25b8-4551-98da-568a64febd16,74,DEBIT,15.27,2018-08-17T21:00:00.000+0000,TRANSPORT,666663021 FAST-TREK TRANSPORT
0c6a6bb1-89fc-4b3e-ad49-71e3ac2b6ca1,74,DEBIT,200,2018-08-17T02:00:00.000+0000,ATM,974619502 ATM CASH WTIHDRAWAL
34e5bea1-4938-454f-9637-ffabf661cde8,74,DEBIT,25.11,2018-08-18T13:00:00.000+0000,F&B,895593226 THE SPRING OYSTER
4c1a82e6-c696-4405-a121-6d8075e9d27c,74,DEBIT,13.01,2018-08-18T15:00:00.000+0000,TRANSPORT,523905587 SUBER FAST TRANSPORT PTE LTD
db4966fa-7b33-42d2-9926-e87e0ef76d89,74,DEBIT,28.25,2018-08-19T13:00:00.000+0000,F&B,615493801 LITTLE PERSIA
14551c4c-000c-477a-9916-8b1c0b558b4f,74,DEBIT,200,2018-08-19T22:00:00.000+0000,ATM,342603237 ATM CASH WTIHDRAWAL
a33f42ea-b545-4e88-95d0-b517c221f403,74,DEBIT,13.43,2018-08-20T12:00:00.000+0000,TRANSPORT,272877915 FAST-TREK TRANSPORT
02d5c0fb-84c1-4a75-a1e1-d280d7e9108d,74,DEBIT,25.03,2018-08-21T13:00:00.000+0000,F&B,435730685 FLYING DUMPLINGS RESTAURANT
13dfa36e-324e-4bf3-a96a-fa959d6b109b,74,DEBIT,13.25,2018-08-21T18:00:00.000+0000,TRANSPORT,802020165 SUBER FAST TRANSPORT PTE LTD
70309c72-a17d-4401-9e9d-1986e7ff0ca9,74,DEBIT,22.94,2018-08-22T19:00:00.000+0000,F&B,528579491 THE JADE ROOSTER
18b799ac-4b4f-4e87-b003-a9b59a165057,74,DEBIT,200,2018-08-22T05:00:00.000+0000,ATM,970246288 ATM CASH WTIHDRAWAL
18e33e91-8a6f-4789-8310-b1f3e9289dd0,74,DEBIT,26.49,2018-08-23T19:00:00.000+0000,F&B,873850897 PRATA AND TEH TAHRIK PLACE
53e388ae-2e7a-404a-849e-ee9452b02b75,74,DEBIT,6.77,2018-08-23T15:00:00.000+0000,TRANSPORT,391984629 JACK RIDE HAILING
931e976f-7c24-4c97-bc8e-68993022ae4c,74,DEBIT,23.99,2018-08-24T19:00:00.000+0000,F&B,600960023 THE ROYAL ROSE
801a314b-1dc5-4a4f-a63b-a83b5397492a,74,DEBIT,200,2018-08-24T18:00:00.000+0000,ATM,822400606 ATM CASH WTIHDRAWAL
bd65303a-79d7-40a9-b3b0-3fa09e06f66c,74,DEBIT,28.6,2018-08-25T19:00:00.000+0000,F&B,912028815 THE PROUD TABLE
5057c31f-765d-40bf-9acd-5e9587592e78,74,CREDIT,3300,2018-08-25T00:00:00.000+0000,TRANSFER,981742073 SALARY FROM 234928734
aa386c4e-ca67-4e6a-88de-c3c31dad0fc9,74,DEBIT,27.52,2018-08-26T13:00:00.000+0000,F&B,743016258 THE PROUD TABLE
7c624850-828d-420a-8181-7e970324f7b3,74,DEBIT,24.5,2018-08-27T19:00:00.000+0000,F&B,745668302 LITTLE PERSIA
53140582-e1d2-494f-ac4a-b695c448fc86,74,DEBIT,17.42,2018-08-27T17:00:00.000+0000,TRANSPORT,559740728 SUBER FAST TRANSPORT PTE LTD
451b1957-02cf-4862-889e-c1451904ce4c,74,DEBIT,21.21,2018-08-28T13:00:00.000+0000,F&B,529292554 THE VERY BEST CHICKEN RICE
2ed2c5dc-3de6-4d9f-a8f2-33708f4cc35f,74,DEBIT,12.36,2018-08-28T10:00:00.000+0000,TRANSPORT,966618043 JACK RIDE HAILING
b908cfd0-6978-42bc-bc65-51b4a5112bf8,74,DEBIT,26.44,2018-08-29T13:00:00.000+0000,F&B,409927935 THE ORIGINAL GOAT
aa021d42-ba62-4b25-9231-dc0ae37c1d9f,74,DEBIT,24.69,2018-08-31T13:00:00.000+0000,F&B,685812456 THE PROUD TABLE
67edb5ba-db6d-42e5-a9a7-f78cf0406167,74,DEBIT,16.15,2018-09-01T00:00:00.000+0000,TRANSPORT,446782173 SUBER FAST TRANSPORT PTE LTD
01657509-8953-4e68-89dd-9d3ea48735a0,74,DEBIT,26.36,2018-09-03T19:00:00.000+0000,F&B,39899134 THE JADE ROOSTER
66495e71-f135-4621-bdae-953674ee1d7d,74,DEBIT,24.74,2018-09-04T13:00:00.000+0000,F&B,115500182 THE ORIGINAL GOAT
b5599065-8806-4719-8d07-746e49eb7759,74,DEBIT,22.11,2018-09-05T13:00:00.000+0000,F&B,920989515 THE VANILLA ORCHARD
c9cf70ae-80fc-4864-b95e-af6d87d46690,74,DEBIT,14.83,2018-09-05T09:00:00.000+0000,TRANSPORT,483107661 FAST-TREK TRANSPORT
6a9c9921-5c28-40f6-be37-245b05842a59,74,DEBIT,200,2018-09-05T20:00:00.000+0000,ATM,440789237 ATM CASH WTIHDRAWAL
e3108dd0-a248-403a-9e24-84501f3ca92c,74,DEBIT,22.2,2018-09-06T13:00:00.000+0000,F&B,662333930 CRAZY SPICY THAI FOOD
5460a97e-20ca-404b-a187-07cd93deb76c,74,DEBIT,23.62,2018-09-07T13:00:00.000+0000,F&B,336985216 THE VERY BEST CHICKEN RICE
83b5d300-4c56-4f7d-ba1e-ccb808b8b569,74,DEBIT,200,2018-09-07T01:00:00.000+0000,ATM,851729004 ATM CASH WTIHDRAWAL
111b8f4c-6d18-4dfd-b239-85f3b63a1d3e,74,DEBIT,22.99,2018-09-08T19:00:00.000+0000,F&B,319508562 PRATA AND TEH TAHRIK PLACE
32cff13f-8b4f-415c-9cf1-2b381309ab04,74,DEBIT,26.78,2018-09-09T13:00:00.000+0000,F&B,46114052 THE VANILLA ORCHARD
07e61094-6097-42d0-964d-02d438f85a82,74,DEBIT,17.91,2018-09-09T13:00:00.000+0000,TRANSPORT,732370339 JACK RIDE HAILING
31991812-4e8f-4fdb-8581-fe7ed87e5a9d,74,DEBIT,31.27,2018-09-10T13:00:00.000+0000,F&B,789578641 THE ORIGINAL GOAT
12f6250b-9da2-41ee-8bb5-acc26b3be3bf,74,DEBIT,16.61,2018-09-10T09:00:00.000+0000,TRANSPORT,27226440 JACK RIDE HAILING
aaf992cf-fec8-4efd-965a-d01082595ef2,74,DEBIT,30.57,2018-09-11T19:00:00.000+0000,F&B,709825496 PRATA AND TEH TAHRIK PLACE
325c6e0c-ce9b-4341-aded-d0ccf9e299c9,74,DEBIT,31.89,2018-09-12T19:00:00.000+0000,F&B,267198305 THE OLIVE AFTER DARK
d51a749b-b9bc-4c0c-abe6-aff608fa3eba,74,DEBIT,14.03,2018-09-12T14:00:00.000+0000,TRANSPORT,133272983 FAST-TREK TRANSPORT
6b0b623f-fef1-49e9-9ccf-df3edd43470c,74,DEBIT,21.65,2018-09-13T19:00:00.000+0000,F&B,461753823 THE SPRING OYSTER
bab5d21b-eb49-4dc3-b0ee-349d813b51dd,74,DEBIT,14.88,2018-09-13T02:00:00.000+0000,TRANSPORT,141759993 JACK RIDE HAILING
f9da6a86-595d-46f1-bd49-0ac2c6059a55,74,DEBIT,27.59,2018-09-14T19:00:00.000+0000,F&B,232865221 THE VANILLA ORCHARD
29514880-e50f-4abd-a6de-6e50b8d17b30,74,DEBIT,26.09,2018-09-15T19:00:00.000+0000,F&B,140541174 THE SILK ROOM
ad5f3f55-4679-4e7c-9c03-12aa7978cd65,74,DEBIT,16.43,2018-09-15T02:00:00.000+0000,TRANSPORT,33677005 JACK RIDE HAILING
e7ed891f-fecb-4191-b1ef-79905fc72adb,74,DEBIT,26.67,2018-09-16T13:00:00.000+0000,F&B,35891154 FLYING DUMPLINGS RESTAURANT
387f0c0f-f216-4969-99dc-6c4f1cd8625c,74,DEBIT,22.1,2018-09-17T19:00:00.000+0000,F&B,46335697 THE SILK ROOM
c5b22072-3687-44c1-8d15-75a39c100f3b,74,DEBIT,15.94,2018-09-17T17:00:00.000+0000,TRANSPORT,155702604 FAST-TREK TRANSPORT
9e564c46-7d7b-4056-9131-27c98037beec,74,DEBIT,27.31,2018-09-18T19:00:00.000+0000,F&B,584387144 LITTLE PERSIA
0ced391d-ce75-4d53-911a-e365a8ac824a,74,DEBIT,12.14,2018-09-18T21:00:00.000+0000,TRANSPORT,604659433 SUBER FAST TRANSPORT PTE LTD
2997c430-7d5f-48d1-9a6f-42779de65fd6,74,DEBIT,28.89,2018-09-19T19:00:00.000+0000,F&B,352214310 THE ROYAL ROSE
ce9f7fc0-8d66-458c-b843-512a29c81089,74,DEBIT,26.11,2018-09-20T13:00:00.000+0000,F&B,251307566 THE VANILLA ORCHARD
d1dcc4a1-6016-4350-af73-2409badafa6e,74,DEBIT,27.7,2018-09-21T19:00:00.000+0000,F&B,708226837 CRAZY SPICY THAI FOOD
bfbf5e49-05e0-46c4-826c-b0e7a7c7a3b5,74,DEBIT,27.28,2018-09-22T13:00:00.000+0000,F&B,455681436 THE ROYAL ROSE
76ab4d4f-2844-4b16-a40e-5c6976a5255e,74,DEBIT,22.12,2018-09-23T13:00:00.000+0000,F&B,169514304 THE SILK ROOM
059feffd-afb1-4fe6-a752-a61fafb7cb5a,74,CREDIT,41.07,2018-09-23T16:00:00.000+0000,TRANSFER,798994537 BANK FAST TRANSFER FROM 488747259
b5c632c7-c20c-4c46-a92f-1170ecef1aed,74,DEBIT,20.78,2018-09-24T19:00:00.000+0000,F&B,518970661 BONES
738d8799-510d-444c-904f-010fc36c1a11,74,DEBIT,200,2018-09-24T06:00:00.000+0000,ATM,108432510 ATM CASH WTIHDRAWAL
58de7f1c-139c-4a15-8f03-396906cc3896,74,DEBIT,26.68,2018-09-25T19:00:00.000+0000,F&B,182822370 BONES
c3efc125-26c5-4761-9787-6f9b047fa2c9,74,CREDIT,3300,2018-09-25T00:00:00.000+0000,TRANSFER,145231158 SALARY FROM 234928734
0bc5788f-2f24-414f-8f67-7704ad8436e5,74,DEBIT,15.93,2018-09-25T06:00:00.000+0000,TRANSPORT,710751750 JACK RIDE HAILING
fb43258b-9733-4d83-9644-77325b7abfaf,74,DEBIT,16.57,2018-09-26T18:00:00.000+0000,TRANSPORT,906977118 JACK RIDE HAILING
e8b9453f-a1a9-4742-a3e7-c55a406617cc,74,DEBIT,25.38,2018-09-27T13:00:00.000+0000,F&B,198137817 THE VANILLA ORCHARD
2a9df7e6-6b80-4cc6-a236-2b25edbaf163,74,CREDIT,56.26,2018-09-27T17:00:00.000+0000,TRANSFER,543689446 BANK FAST TRANSFER FROM 910556707
86514525-c373-402e-abea-2d7cc39d49af,74,DEBIT,200,2018-09-27T21:00:00.000+0000,ATM,659539930 ATM CASH WTIHDRAWAL
44e248ce-17aa-48cf-bd93-39e9d36925dd,74,DEBIT,23.3,2018-09-28T19:00:00.000+0000,F&B,712694556 CRAZY SPICY THAI FOOD
00f5279e-cccb-4a46-b3a5-2da7ef9d7f4e,74,DEBIT,17.58,2018-09-28T14:00:00.000+0000,TRANSPORT,848571616 SUBER FAST TRANSPORT PTE LTD
e1c7e385-3f9d-49f5-9446-02465081ca24,74,DEBIT,26.9,2018-09-29T19:00:00.000+0000,F&B,959388207 THE ORIGINAL GOAT
a21b70cc-3168-401b-8e98-529cd1553c9a,74,DEBIT,14.24,2018-09-29T20:00:00.000+0000,TRANSPORT,362049148 JACK RIDE HAILING
053ae830-6c1b-4415-9adc-4bdc1fd68857,74,DEBIT,24.56,2018-09-30T13:00:00.000+0000,F&B,577463834 PRATA AND TEH TAHRIK PLACE
dc963972-f383-47e4-a2e4-8225112d37c6,74,DEBIT,23.92,2018-10-01T19:00:00.000+0000,F&B,448805304 THE ORIGINAL GOAT
9166a249-6f03-41b1-bca1-515bebc07a32,74,DEBIT,4.64,2018-10-01T12:00:00.000+0000,TRANSPORT,172120354 FAST-TREK TRANSPORT
7f2ff42f-1209-4476-806e-24922d7c7c7e,74,DEBIT,200,2018-10-01T10:00:00.000+0000,ATM,257380122 ATM CASH WTIHDRAWAL
0387b4bd-d41c-4d80-a7b4-b0ab012b94f9,74,DEBIT,21.2,2018-10-02T19:00:00.000+0000,F&B,166268149 THE ROYAL ROSE
13693eb7-36d4-4575-99d3-b29bc38d71e8,74,DEBIT,17.05,2018-10-02T18:00:00.000+0000,TRANSPORT,44465515 JACK RIDE HAILING
7d1af943-f24c-49dc-9d7c-2964404d34d8,74,DEBIT,22.66,2018-10-03T13:00:00.000+0000,F&B,532198702 THE BURGER SHOP
21b4e82b-8a42-4464-938b-93eba598bcdc,74,DEBIT,22.7,2018-10-04T19:00:00.000+0000,F&B,204870570 THE ORIGINAL GOAT
d1db8b8c-285a-4c53-ac48-6ae4fb27643f,74,DEBIT,200,2018-10-04T12:00:00.000+0000,ATM,561906560 ATM CASH WTIHDRAWAL
fd8f8919-2a87-4504-9c4a-21246c36a492,74,DEBIT,23.85,2018-10-05T13:00:00.000+0000,F&B,949895565 THE SILK ROOM
c807e1c7-c832-4812-b4d0-aae8eb19f67f,74,DEBIT,200,2018-10-05T07:00:00.000+0000,ATM,677975490 ATM CASH WTIHDRAWAL
021a9ba5-ba04-4140-a698-5f2350c790da,74,DEBIT,18.69,2018-10-06T19:00:00.000+0000,F&B,532545988 PRATA AND TEH TAHRIK PLACE
c3ecb628-3d08-4876-87b1-b503f6620d7f,74,DEBIT,28.28,2018-10-07T19:00:00.000+0000,F&B,377727801 BONES
63fa2174-5204-4494-8550-3f7f636e3f0e,74,DEBIT,15.83,2018-10-07T04:00:00.000+0000,TRANSPORT,327649873 JACK RIDE HAILING
c1633880-025c-45fc-8547-e3edf4c89e66,74,DEBIT,23.67,2018-10-08T19:00:00.000+0000,F&B,732510396 THE SILK ROOM
0a06d973-1158-4fef-bec5-d115afd4e76d,74,DEBIT,11.19,2018-10-08T04:00:00.000+0000,TRANSPORT,316675324 JACK RIDE HAILING
a907ac8c-c474-4006-aa36-943d973b14ea,74,DEBIT,21.79,2018-10-09T00:00:00.000+0000,TRANSPORT,159844635 JACK RIDE HAILING
685a85e1-aa99-4ba4-b361-befc1d7032a2,74,DEBIT,25.86,2018-10-10T19:00:00.000+0000,F&B,581380862 THE JADE ROOSTER
5ef20547-20b3-4e2c-a978-151b1f22739a,74,DEBIT,11.14,2018-10-10T12:00:00.000+0000,TRANSPORT,941907719 JACK RIDE HAILING
40e78c7e-5d91-43d3-9d59-4dde95e93b11,74,DEBIT,50,2018-10-10T18:00:00.000+0000,TRANSFER,138265247 BANK FAST TRANSFER TO 881263168
ad62fffa-ed35-4311-b777-8a74402a75a7,74,DEBIT,14.37,2018-10-11T16:00:00.000+0000,TRANSPORT,109623616 FAST-TREK TRANSPORT
db51dcaf-c33a-42c3-b765-0ca7bf56ebe1,74,DEBIT,21.34,2018-10-12T19:00:00.000+0000,F&B,100667698 PRATA AND TEH TAHRIK PLACE
d255c2c0-5d99-4b7e-a1f6-ec5155e29c46,74,DEBIT,26.94,2018-10-13T13:00:00.000+0000,F&B,621289498 THE SILK ROOM
be131236-b7fb-4b38-b1d9-aa43d28fa616,74,DEBIT,24.56,2018-10-14T19:00:00.000+0000,F&B,860903126 CRAZY SPICY THAI FOOD
dcd4f892-3428-4996-9c2b-b2a6a837d8b5,74,DEBIT,14.47,2018-10-14T18:00:00.000+0000,TRANSPORT,288059361 SUBER FAST TRANSPORT PTE LTD
9c1d7fc2-baa7-4ca1-a155-a2b278e8f680,74,DEBIT,18.37,2018-10-15T13:00:00.000+0000,F&B,77277704 THE SILK ROOM
2753bc29-5559-4a94-967b-6b377dcb0805,74,DEBIT,11.41,2018-10-15T13:00:00.000+0000,TRANSPORT,447202576 JACK RIDE HAILING
16ec606c-9161-407c-91a5-2dcf0ffdf8bd,74,DEBIT,25.83,2018-10-16T13:00:00.000+0000,F&B,774688675 BONES
9d94d698-76e2-4753-98d6-d1cd1cde792d,74,DEBIT,17.98,2018-10-16T04:00:00.000+0000,TRANSPORT,42065059 JACK RIDE HAILING
6b794b6e-694b-4447-a40f-67eff44561a1,74,DEBIT,200,2018-10-16T14:00:00.000+0000,ATM,755521468 ATM CASH WTIHDRAWAL
9fc7c374-8c30-4052-bd25-b2cbf24b5994,74,DEBIT,26.13,2018-10-17T19:00:00.000+0000,F&B,925410692 PRATA AND TEH TAHRIK PLACE
9cd943a4-b3da-4907-81a6-bb271d0db04c,74,DEBIT,27.17,2018-10-18T13:00:00.000+0000,F&B,197844949 THE OLIVE AFTER DARK
d89fef7a-710a-46ca-9a95-b690fadd60d6,74,DEBIT,13.17,2018-10-19T01:00:00.000+0000,TRANSPORT,188239789 SUBER FAST TRANSPORT PTE LTD
bfe567cf-263a-4099-9131-47aeca7bf112,74,DEBIT,30.13,2018-10-20T13:00:00.000+0000,F&B,868976488 THE VANILLA ORCHARD
b02e0ed1-46c1-428d-9a2e-c5cc8ba7277e,74,DEBIT,23.72,2018-10-21T19:00:00.000+0000,F&B,869894776 PRATA AND TEH TAHRIK PLACE
9954465a-f7d0-461c-9cc5-67b9334ac6fb,74,DEBIT,15,2018-10-21T11:00:00.000+0000,TRANSPORT,978531931 SUBER FAST TRANSPORT PTE LTD
2ae7b476-4250-4985-8f0a-f947a22c6317,74,CREDIT,40.81,2018-10-21T20:00:00.000+0000,TRANSFER,597476940 BANK FAST TRANSFER FROM 484812443
0238ab7f-91e6-4eb0-860e-4956e21cfe80,74,DEBIT,26.93,2018-10-22T13:00:00.000+0000,F&B,418643540 THE OLIVE AFTER DARK
cd93aea7-5b21-4cbc-9cf6-17635ac4d8a2,74,DEBIT,20.39,2018-10-23T19:00:00.000+0000,F&B,787249001 THE OLIVE AFTER DARK
554a2baf-f36c-441c-84bc-63da6f5d929d,74,DEBIT,18.83,2018-10-23T08:00:00.000+0000,TRANSPORT,197746739 JACK RIDE HAILING
1843df3a-9ae7-4571-8bdc-4126dcf39bc3,74,DEBIT,24.59,2018-10-24T19:00:00.000+0000,F&B,271171996 THE ROYAL ROSE
074e724c-220d-45ee-91d7-b5ef797defbb,74,DEBIT,14.46,2018-10-24T14:00:00.000+0000,TRANSPORT,82478339 JACK RIDE HAILING
e1a5a729-96d6-46ac-9f7d-24cc2c231355,74,DEBIT,25.27,2018-10-25T19:00:00.000+0000,F&B,942049143 FLYING DUMPLINGS RESTAURANT
41fbfab0-45ed-4e6f-9262-b18be18507a6,74,CREDIT,3300,2018-10-25T00:00:00.000+0000,TRANSFER,511859020 SALARY FROM 234928734
43dac1a1-f8b3-4ac4-8004-852921e6e1bf,74,DEBIT,200,2018-10-25T14:00:00.000+0000,ATM,711390315 ATM CASH WTIHDRAWAL
2134235c-d325-47ad-8d0e-a504c9531077,74,DEBIT,33.65,2018-10-26T19:00:00.000+0000,F&B,889191412 FLYING DUMPLINGS RESTAURANT
e75b7425-c23e-45fd-bc68-e8af570707c9,74,DEBIT,13.37,2018-10-26T12:00:00.000+0000,TRANSPORT,181519430 JACK RIDE HAILING
a68bfe7b-b7a6-4342-884b-7991e17b7bd6,74,DEBIT,24.39,2018-10-27T19:00:00.000+0000,F&B,791822259 THE PROUD TABLE
c3d3e015-494d-4bba-b5dc-312f35ddb6a5,74,DEBIT,25.06,2018-10-28T19:00:00.000+0000,F&B,705621294 CRAZY SPICY THAI FOOD
9f329be6-c0d0-4845-b758-a8b48c2958f5,74,DEBIT,16.41,2018-10-28T00:00:00.000+0000,TRANSPORT,160979758 JACK RIDE HAILING
3ed9373c-9eaf-4805-a9c4-ca3eb655a98f,74,DEBIT,200,2018-10-28T14:00:00.000+0000,ATM,596781339 ATM CASH WTIHDRAWAL
ea4f3f54-96b1-4d4c-9876-20e4f058c471,74,DEBIT,27.21,2018-10-29T19:00:00.000+0000,F&B,993788073 PRATA AND TEH TAHRIK PLACE
328c893e-593d-4d17-b6c0-c0516d6b18a7,74,DEBIT,200,2018-10-29T10:00:00.000+0000,ATM,587092415 ATM CASH WTIHDRAWAL
028e4eb4-0df5-4a84-b4c4-8681b42b767c,74,DEBIT,27.18,2018-10-30T19:00:00.000+0000,F&B,868830857 THE PROUD TABLE
698438c2-4d20-49c8-ae3f-a58a6c4b4ea2,74,DEBIT,12.99,2018-10-31T22:00:00.000+0000,TRANSPORT,474552455 SUBER FAST TRANSPORT PTE LTD
1bfa04b3-93fa-4ed5-819e-9bbb99cc4eca,74,DEBIT,17.92,2018-11-01T13:00:00.000+0000,F&B,232847069 THE VERY BEST CHICKEN RICE
a18f2ebf-c2fc-46f9-9608-db389a83e68f,74,DEBIT,17.63,2018-11-01T20:00:00.000+0000,TRANSPORT,97318409 JACK RIDE HAILING
d11e3f78-7243-49a8-a0f5-25e0c388dc13,74,DEBIT,26.09,2018-11-02T13:00:00.000+0000,F&B,544311709 PRATA AND TEH TAHRIK PLACE
ac1b4948-34da-41e6-ac57-12a2c142e608,74,DEBIT,18.73,2018-11-02T05:00:00.000+0000,TRANSPORT,310836605 JACK RIDE HAILING
c3b3a7e9-4d80-449d-a8b4-f0ff3612e220,74,DEBIT,26.64,2018-11-04T19:00:00.000+0000,F&B,809254721 FLYING DUMPLINGS RESTAURANT
7503a01b-baac-4006-9642-0c39f9814332,74,DEBIT,11.05,2018-11-04T17:00:00.000+0000,TRANSPORT,435612170 FAST-TREK TRANSPORT
e66edc5a-edcb-4230-9e20-1a55b454366b,74,DEBIT,16.9,2018-11-05T13:00:00.000+0000,F&B,531567344 FLYING DUMPLINGS RESTAURANT
71eacea0-d29f-45de-b830-7d759a30bf98,74,DEBIT,22.19,2018-11-06T13:00:00.000+0000,F&B,203266831 THE ROYAL ROSE
5acba8ab-9a11-4e98-9983-1e1cf7956534,74,DEBIT,12.86,2018-11-06T21:00:00.000+0000,TRANSPORT,263722710 JACK RIDE HAILING
790d6fb0-78a3-458c-af54-c6983f802a94,74,DEBIT,17.15,2018-11-07T01:00:00.000+0000,TRANSPORT,52752092 SUBER FAST TRANSPORT PTE LTD
32c184e5-5f75-42d1-a8e7-30b8b8fccdf0,74,DEBIT,27.69,2018-11-08T13:00:00.000+0000,F&B,107231501 THE PROUD TABLE
71b592da-6a53-4965-aa69-d7c01749df3b,74,DEBIT,11.79,2018-11-08T19:00:00.000+0000,TRANSPORT,852092660 SUBER FAST TRANSPORT PTE LTD
1aa67faa-02b1-4cca-b48a-f368c5ac3f20,74,DEBIT,200,2018-11-08T17:00:00.000+0000,ATM,154192124 ATM CASH WTIHDRAWAL
0f869a62-7b77-48f9-9d7b-b6eaccd03c56,74,DEBIT,14.01,2018-11-09T08:00:00.000+0000,TRANSPORT,203151752 SUBER FAST TRANSPORT PTE LTD
5e77ec80-1fe9-4eb5-8219-4491c6b22203,74,DEBIT,50.86,2018-11-09T04:00:00.000+0000,TRANSFER,288866040 BANK FAST TRANSFER TO 267788625
3505bd02-13f6-425d-9c19-0d0dd3a1f2ec,74,DEBIT,23.51,2018-11-10T19:00:00.000+0000,F&B,690445704 THE PROUD TABLE
b41dff41-45bd-4ee8-8ce6-3b8ab4bc0d87,74,DEBIT,16,2018-11-10T08:00:00.000+0000,TRANSPORT,449113292 JACK RIDE HAILING
a42da802-5d14-411e-8600-1209eb4c0d08,74,DEBIT,200,2018-11-11T04:00:00.000+0000,ATM,136676326 ATM CASH WTIHDRAWAL
949fedbd-1b24-4cd4-938b-1873912bb5c2,74,DEBIT,29.1,2018-11-12T13:00:00.000+0000,F&B,305010026 THE JADE ROOSTER
4f7b6d79-9845-411c-8c24-55b3bae4d634,74,DEBIT,35,2018-11-13T13:00:00.000+0000,F&B,114245288 CRAZY SPICY THAI FOOD
47c4ba97-b498-4209-9e9e-3e287d351918,74,DEBIT,23.23,2018-11-13T22:00:00.000+0000,TRANSPORT,89793427 JACK RIDE HAILING
a8968f57-b6e8-4aaf-9462-0c9174854b1f,74,DEBIT,13.95,2018-11-14T10:00:00.000+0000,TRANSPORT,245118050 JACK RIDE HAILING
497db04c-1df9-4095-978b-9100637cb91d,74,DEBIT,27.78,2018-11-15T19:00:00.000+0000,F&B,935277235 THE VANILLA ORCHARD
6a9c5714-288a-4d6b-9d96-27c8b60939ee,74,DEBIT,25.74,2018-11-16T13:00:00.000+0000,F&B,675370963 THE ROYAL ROSE
e6942095-7d78-4c9a-bc01-fca106e46cea,74,DEBIT,200,2018-11-16T11:00:00.000+0000,ATM,728271705 ATM CASH WTIHDRAWAL
bd33be0f-a599-4b04-afe8-b2cb7e5a8f23,74,DEBIT,18.32,2018-11-17T13:00:00.000+0000,F&B,330863062 CRAZY SPICY THAI FOOD
e644c7b1-41cb-4beb-b0d3-25addff0521e,74,DEBIT,13.35,2018-11-17T11:00:00.000+0000,TRANSPORT,526591388 FAST-TREK TRANSPORT
51301f7d-87a2-45ba-bdeb-bf4a9b0f14c8,74,DEBIT,25.98,2018-11-18T19:00:00.000+0000,F&B,29999260 THE BURGER SHOP
0a1e4acf-122c-47fc-a7d8-a717365b934f,74,DEBIT,15.26,2018-11-18T11:00:00.000+0000,TRANSPORT,999382997 JACK RIDE HAILING
5f9bb635-5b81-41bf-8870-1d4832078062,74,DEBIT,28.71,2018-11-19T19:00:00.000+0000,F&B,616958663 THE ORIGINAL GOAT
4bf661eb-4456-4651-a165-c28466920c3d,74,DEBIT,21.48,2018-11-19T08:00:00.000+0000,TRANSPORT,888343544 JACK RIDE HAILING
858eed14-b39b-4b94-ba5e-3288a65d09d0,74,DEBIT,200,2018-11-19T15:00:00.000+0000,ATM,167525222 ATM CASH WTIHDRAWAL
a3cdf945-5eca-4d01-8003-7d42b12250f5,74,DEBIT,27.21,2018-11-20T19:00:00.000+0000,F&B,204097676 THE JADE ROOSTER
3ff65a6c-06fd-45d1-af0c-9ca2b3d3d3fb,74,DEBIT,21.21,2018-11-21T13:00:00.000+0000,F&B,471653851 THE JADE ROOSTER
09767037-a701-454f-9c51-5582c3eb5658,74,DEBIT,25.56,2018-11-22T13:00:00.000+0000,F&B,93062695 THE SPRING OYSTER
3ebd6629-59f4-4896-8b62-74a1ab8c00dd,74,DEBIT,15.36,2018-11-22T15:00:00.000+0000,TRANSPORT,730216403 SUBER FAST TRANSPORT PTE LTD
5ea28d65-27b5-41fc-9356-a2b3b7363faa,74,DEBIT,28.55,2018-11-24T13:00:00.000+0000,F&B,485252857 THE PROUD TABLE
d1ebcfe3-fea9-4d36-9d71-26cd8618ccd7,74,CREDIT,51.06,2018-11-24T21:00:00.000+0000,TRANSFER,512332587 BANK FAST TRANSFER FROM 128109344
e7c82c6a-1b73-4bc3-8f55-641dd65fa3ef,74,DEBIT,25.77,2018-11-25T19:00:00.000+0000,F&B,241897692 THE BURGER SHOP
c1b262cf-61a5-4ba6-b8b3-bf0622fad3a0,74,CREDIT,3300,2018-11-25T00:00:00.000+0000,TRANSFER,901002209 SALARY FROM 234928734
37ef2dc0-d394-4c36-ae0b-be81ccd90f35,74,DEBIT,18.89,2018-11-26T21:00:00.000+0000,TRANSPORT,251368653 JACK RIDE HAILING
b310cb41-0dcf-4a62-98bf-41d2e6f7e6d9,74,DEBIT,21.98,2018-11-28T19:00:00.000+0000,F&B,935914332 THE BURGER SHOP
b3ff80c0-698f-454c-b0c6-1e7b901d673d,74,DEBIT,11.79,2018-11-28T08:00:00.000+0000,TRANSPORT,583689812 SUBER FAST TRANSPORT PTE LTD
2a27488c-0a9c-4b38-aa36-193c741a5c29,74,DEBIT,25,2018-11-29T19:00:00.000+0000,F&B,511485750 THE ORIGINAL GOAT
4339ee12-93e8-4ad0-96aa-d578b550221e,74,DEBIT,15.76,2018-11-29T17:00:00.000+0000,TRANSPORT,806104620 FAST-TREK TRANSPORT
2397b622-4a76-4005-baf0-5cd15ce1ad0c,74,DEBIT,22.29,2018-11-30T19:00:00.000+0000,F&B,447028818 BONES
e85b14e8-e14e-4004-9eba-1c7d0ccbee8c,74,DEBIT,20.01,2018-12-01T19:00:00.000+0000,F&B,526417638 FLYING DUMPLINGS RESTAURANT
0278f94d-eec9-4d94-84e5-98a6994a8e4b,74,DEBIT,16.77,2018-12-01T00:00:00.000+0000,TRANSPORT,527368563 FAST-TREK TRANSPORT
05b74c14-7bdf-416b-bb75-1e9597269e1b,74,DEBIT,27.62,2018-12-02T13:00:00.000+0000,F&B,568758168 THE VANILLA ORCHARD
5ea8280d-6c32-465c-859e-adcf731da51c,74,DEBIT,15.37,2018-12-02T19:00:00.000+0000,TRANSPORT,317741805 JACK RIDE HAILING
2154b041-8055-40c4-9625-d3619a980d00,74,DEBIT,17.48,2018-12-03T17:00:00.000+0000,TRANSPORT,630004309 JACK RIDE HAILING
a4bdbdd9-553b-45d3-8615-e50e8ffe1dde,74,DEBIT,30.56,2018-12-04T19:00:00.000+0000,F&B,343507989 LITTLE PERSIA
5c3eb936-05e9-4d8c-8e28-c39014b38641,74,DEBIT,53.5,2018-12-04T14:00:00.000+0000,TRANSFER,579052741 BANK FAST TRANSFER TO 773087406
42dbde94-39a6-4414-a13a-2a28856b292a,74,DEBIT,29.9,2018-12-05T19:00:00.000+0000,F&B,617774326 THE SILK ROOM
a7d94479-96a0-4783-bef1-1c181167f5c9,74,DEBIT,22.83,2018-12-06T13:00:00.000+0000,F&B,612713548 BONES
3161bdab-04d1-46c9-92d3-f7529d9977a2,74,DEBIT,12.21,2018-12-06T18:00:00.000+0000,TRANSPORT,301405507 JACK RIDE HAILING
bad11d3c-7f15-4578-9c72-7859d19bafc5,74,DEBIT,29.94,2018-12-08T19:00:00.000+0000,F&B,474134953 PRATA AND TEH TAHRIK PLACE
9d05114a-1df2-4c88-9077-b26fda77cc38,74,DEBIT,26.39,2018-12-09T13:00:00.000+0000,F&B,339460824 THE ROYAL ROSE
f1fbc386-564b-4573-9d6c-4ce9518a0f65,74,DEBIT,15.82,2018-12-09T13:00:00.000+0000,TRANSPORT,616430874 SUBER FAST TRANSPORT PTE LTD
948cdf09-30c4-47ca-8b65-3827e920bfbf,74,DEBIT,25.5,2018-12-11T19:00:00.000+0000,F&B,316268171 BONES
b402fef7-fe3b-4adf-b683-d4f0f830b274,74,DEBIT,19.58,2018-12-12T19:00:00.000+0000,F&B,606089929 THE SPRING OYSTER
d13008de-f121-4a95-b737-b8c6b4fd4e80,74,DEBIT,31.83,2018-12-13T13:00:00.000+0000,F&B,801450927 THE ROYAL ROSE
d6efd143-2dba-42a0-8760-1c566ef3ac11,74,DEBIT,7.87,2018-12-13T20:00:00.000+0000,TRANSPORT,132991897 JACK RIDE HAILING
e2bfa97f-7c70-450a-9c87-fbc62e4d5d21,74,DEBIT,23.43,2018-12-14T19:00:00.000+0000,F&B,194425865 THE SPRING OYSTER
9247f88a-92a3-4bed-9066-c29b7eea3e69,74,DEBIT,25.58,2018-12-15T13:00:00.000+0000,F&B,457200834 FLYING DUMPLINGS RESTAURANT
cd1c5f3a-afd1-439f-a63b-baa2c616b4a8,74,DEBIT,46.34,2018-12-15T17:00:00.000+0000,TRANSFER,656666680 BANK FAST TRANSFER TO 482950970
99d580bb-e301-4bec-ac8f-a022ef5607c4,74,DEBIT,23.36,2018-12-16T13:00:00.000+0000,F&B,844637539 BONES
5374c95d-6ef4-45f8-9be8-53ec263f1d7c,74,DEBIT,44.82,2018-12-16T16:00:00.000+0000,TRANSFER,76005632 BANK FAST TRANSFER TO 544656345
be54b2ac-da46-46dd-bdca-174adcc7c01d,74,DEBIT,24.03,2018-12-17T13:00:00.000+0000,F&B,58889548 THE VANILLA ORCHARD
f29200fe-0ba5-4131-aba8-3050bed49d82,74,DEBIT,14.82,2018-12-17T19:00:00.000+0000,TRANSPORT,943535278 SUBER FAST TRANSPORT PTE LTD
ec1bd749-fb23-4c60-8108-726dcf2cbf52,74,DEBIT,21.36,2018-12-18T19:00:00.000+0000,F&B,58611485 THE JADE ROOSTER
bfce7270-2e47-4d9d-b550-781f241b084e,74,DEBIT,11.26,2018-12-18T16:00:00.000+0000,TRANSPORT,908211392 FAST-TREK TRANSPORT
b98b4038-f272-4528-ae27-e1cb03cf52a7,74,DEBIT,24.77,2018-12-19T19:00:00.000+0000,F&B,633319686 PRATA AND TEH TAHRIK PLACE
9f715457-d60f-4dd6-839e-4e8a5df5a16c,74,DEBIT,19.3,2018-12-20T13:00:00.000+0000,F&B,543343541 THE ROYAL ROSE
0fe4583c-9e99-4553-ba2e-2625871d2f6b,74,DEBIT,25.8,2018-12-21T13:00:00.000+0000,F&B,734244382 THE VERY BEST CHICKEN RICE
443532e0-ccdb-4384-90e6-5eca2a898805,74,DEBIT,11.33,2018-12-21T17:00:00.000+0000,TRANSPORT,473993661 FAST-TREK TRANSPORT
665901b0-02a2-4120-b575-c954d2abd593,74,DEBIT,45.09,2018-12-21T03:00:00.000+0000,TRANSFER,910079961 BANK FAST TRANSFER TO 581550051
2ea88ab0-d13e-413a-a651-ee1318c83960,74,DEBIT,25.24,2018-12-22T19:00:00.000+0000,F&B,90047179 LITTLE PERSIA
a4137af4-7469-4ab6-8c38-d5e244ce8855,74,DEBIT,26.53,2018-12-23T19:00:00.000+0000,F&B,370093829 THE JADE ROOSTER
0565fc75-aea0-4a77-88b2-2a71fa3ab6ea,74,DEBIT,23.86,2018-12-24T13:00:00.000+0000,F&B,606130839 THE ORIGINAL GOAT
c2db6bae-276e-404d-be65-fa2f80c2d84f,74,DEBIT,17.15,2018-12-24T09:00:00.000+0000,TRANSPORT,472339745 FAST-TREK TRANSPORT
22d5285f-434a-44c3-b0a9-3bf23164037a,74,DEBIT,26.32,2018-12-25T13:00:00.000+0000,F&B,21239240 THE JADE ROOSTER
1c3835f7-7e58-47a5-a22f-815efe260a84,74,CREDIT,3300,2018-12-25T00:00:00.000+0000,TRANSFER,698482935 SALARY FROM 234928734
420aa7eb-52dc-42f2-9d79-e22946ecb020,74,DEBIT,14.87,2018-12-25T09:00:00.000+0000,TRANSPORT,365820340 JACK RIDE HAILING
4d9161ad-3e31-416b-8bf0-03fb1800d17b,74,DEBIT,12.68,2018-12-26T03:00:00.000+0000,TRANSPORT,428979934 JACK RIDE HAILING
66a3b5dc-3399-4b79-bebb-3330ddbae28a,74,DEBIT,32.65,2018-12-27T13:00:00.000+0000,F&B,12944106 THE VERY BEST CHICKEN RICE
3e6abacd-4e89-4e48-b9a8-b5ed66b68a9d,74,DEBIT,17.42,2018-12-27T18:00:00.000+0000,TRANSPORT,66145379 SUBER FAST TRANSPORT PTE LTD
f75c0108-9f01-46fe-9730-af2b7fc88877,74,DEBIT,23.1,2018-12-28T13:00:00.000+0000,F&B,773338962 THE ORIGINAL GOAT
0b42ca46-fef1-4499-b1e9-63fbaf46b4f6,74,DEBIT,15.88,2018-12-29T05:00:00.000+0000,TRANSPORT,21547075 JACK RIDE HAILING
f4815038-1f38-4744-803c-40515d506064,74,DEBIT,22.02,2018-12-30T13:00:00.000+0000,F&B,258387703 BONES
80537725-d343-487e-8c7e-4c8d39f0d653,74,DEBIT,14.24,2018-12-31T03:00:00.000+0000,TRANSPORT,632405783 JACK RIDE HAILING
05d4a18e-102c-4dda-95ea-3709b3057524,74,DEBIT,200,2018-12-31T00:00:00.000+0000,ATM,364518862 ATM CASH WTIHDRAWAL
7d4d1e86-23e4-41b1-8e7a-c76ec45e229c,74,DEBIT,13.62,2019-01-01T17:00:00.000+0000,TRANSPORT,389179371 FAST-TREK TRANSPORT
269a2b6d-e95a-4f73-bf21-ea0d88ff96ea,74,DEBIT,18.71,2019-01-03T04:00:00.000+0000,TRANSPORT,824443781 FAST-TREK TRANSPORT
2fa2214f-d932-4b70-9944-f5269dc61866,74,DEBIT,20.94,2019-01-06T19:00:00.000+0000,F&B,377501526 THE SILK ROOM
fddf7b9a-589e-4751-bbe7-bd6a89613668,74,CREDIT,49.28,2019-01-06T17:00:00.000+0000,TRANSFER,448701715 BANK FAST TRANSFER FROM 449082916
8327467c-0b47-4a43-a5cd-12c20fccccd8,74,DEBIT,200,2019-01-06T17:00:00.000+0000,ATM,640624945 ATM CASH WTIHDRAWAL
618b155a-1a12-4d9d-9a49-330e918510e2,74,DEBIT,25.31,2019-01-07T13:00:00.000+0000,F&B,564790532 THE SPRING OYSTER
8fd8bdcf-dbab-4d24-9dda-dd6d3c9bc1b3,74,DEBIT,23.55,2019-01-08T19:00:00.000+0000,F&B,189712095 THE VERY BEST CHICKEN RICE
e8394c82-f047-42d0-9d46-9bdc800945d0,74,DEBIT,28.12,2019-01-09T19:00:00.000+0000,F&B,438628623 THE VERY BEST CHICKEN RICE
0b181c23-a35c-4450-8951-5b08758639b3,74,DEBIT,27.6,2019-01-10T13:00:00.000+0000,F&B,707215652 THE ORIGINAL GOAT
9a50080c-625f-4232-b7b1-cfaa5ef1810d,74,DEBIT,14.64,2019-01-10T09:00:00.000+0000,TRANSPORT,396637343 SUBER FAST TRANSPORT PTE LTD
31cfc8f9-2c8a-4fc5-83e9-9677188e8676,74,DEBIT,25.49,2019-01-11T13:00:00.000+0000,F&B,430057041 THE PROUD TABLE
6ec32dca-0835-4d6f-8343-e7a45db51910,74,DEBIT,45.33,2019-01-11T07:00:00.000+0000,TRANSFER,63866358 BANK FAST TRANSFER TO 167938356
b0b3ae64-7207-4fa3-b593-2a7ecf7497a6,74,DEBIT,25.2,2019-01-12T19:00:00.000+0000,F&B,540349182 THE OLIVE AFTER DARK
29f29593-c740-42e1-8df2-757f520e0925,74,DEBIT,23.31,2019-01-13T13:00:00.000+0000,F&B,369606384 THE SPRING OYSTER
e0823389-b968-4c67-af90-bf27446f6ad5,74,DEBIT,48.93,2019-01-13T21:00:00.000+0000,TRANSFER,243508742 BANK FAST TRANSFER TO 533682807
9299c75c-c243-42db-b609-e9c00543c8ef,74,DEBIT,19.61,2019-01-14T19:00:00.000+0000,F&B,902191887 THE SPRING OYSTER
9b6b5be3-5308-4ee1-a350-e56cd509f41f,74,DEBIT,26.33,2019-01-15T19:00:00.000+0000,F&B,660034645 PRATA AND TEH TAHRIK PLACE
0ccaf8f6-807e-4ead-a1c0-4e19fb1cdfce,74,DEBIT,28.4,2019-01-16T19:00:00.000+0000,F&B,224240927 THE VERY BEST CHICKEN RICE
f4d7674b-dced-43ec-ae4b-4e536d25f045,74,DEBIT,54.55,2019-01-16T01:00:00.000+0000,TRANSFER,808564585 BANK FAST TRANSFER TO 525335528
c186f19c-e30a-41e6-b768-67517c7db1b4,74,DEBIT,26.36,2019-01-17T13:00:00.000+0000,F&B,282118115 THE SILK ROOM
b50bfd7c-d6b6-4955-8f71-ea082a2beb7d,74,DEBIT,22.48,2019-01-17T05:00:00.000+0000,TRANSPORT,379133847 FAST-TREK TRANSPORT
85d21349-9966-43cb-abd1-90fabaa6945c,74,DEBIT,29.79,2019-01-18T13:00:00.000+0000,F&B,361336816 THE ROYAL ROSE
c426b6b7-83a0-4e7d-a16c-61acc871787b,74,DEBIT,15.24,2019-01-18T16:00:00.000+0000,TRANSPORT,182141672 JACK RIDE HAILING
4a5a0f24-2ec9-49ae-83e9-2d16f5d6d2ed,74,DEBIT,25.52,2019-01-19T19:00:00.000+0000,F&B,775781168 BONES
30517303-fba4-471d-ba1b-0c8b42d333d6,74,DEBIT,23.57,2019-01-20T13:00:00.000+0000,F&B,528059832 THE SILK ROOM
5e81f1b1-7463-45fe-8bef-a8d112a7b9a9,74,DEBIT,32.53,2019-01-21T13:00:00.000+0000,F&B,575256996 THE OLIVE AFTER DARK
ff13f6b1-cf4b-43dc-bb68-986b02836803,74,DEBIT,12.35,2019-01-21T13:00:00.000+0000,TRANSPORT,429835482 FAST-TREK TRANSPORT
66a0e080-9a4f-4223-b82c-66c8305d2c8e,74,DEBIT,23.95,2019-01-22T13:00:00.000+0000,F&B,367488450 FLYING DUMPLINGS RESTAURANT
42b252e7-f91a-490f-a1f5-76bf494748c2,74,DEBIT,11,2019-01-22T15:00:00.000+0000,TRANSPORT,431069793 FAST-TREK TRANSPORT
5c0bf9bd-d18c-45ce-8e5f-e6629e7a37c2,74,DEBIT,200,2019-01-22T03:00:00.000+0000,ATM,669837881 ATM CASH WTIHDRAWAL
23163097-c1fb-4f00-8874-63d6471a9f93,74,DEBIT,24.4,2019-01-23T13:00:00.000+0000,F&B,384108723 THE SPRING OYSTER
1b25f21b-fef3-40cd-965e-0ec44b54e5aa,74,DEBIT,18.48,2019-01-23T15:00:00.000+0000,TRANSPORT,269158194 FAST-TREK TRANSPORT
771028ee-f088-4832-8f37-c0b5bf34be83,74,DEBIT,24.49,2019-01-24T19:00:00.000+0000,F&B,718455663 THE VANILLA ORCHARD
79273583-ab09-4f22-be74-8309ab94fdd8,74,DEBIT,15.04,2019-01-24T01:00:00.000+0000,TRANSPORT,896472127 JACK RIDE HAILING
0458091a-49d8-4900-9b32-b64d7a86f545,74,DEBIT,21.74,2019-01-25T19:00:00.000+0000,F&B,857272254 THE ROYAL ROSE
de5860ab-3ee1-405f-a67c-223e07183247,74,CREDIT,3300,2019-01-25T00:00:00.000+0000,TRANSFER,193073132 SALARY FROM 234928734
1c78ae69-fcf5-43fd-a69e-cd2509e97f8f,74,DEBIT,13.34,2019-01-25T00:00:00.000+0000,TRANSPORT,579463309 SUBER FAST TRANSPORT PTE LTD
a2b565de-3bd2-4885-aac0-2770efe775dc,74,DEBIT,26.29,2019-01-26T13:00:00.000+0000,F&B,3044047 THE SPRING OYSTER
6108b774-96d3-4306-90dc-b7d20233684c,74,DEBIT,26.07,2019-01-27T19:00:00.000+0000,F&B,891129023 THE VERY BEST CHICKEN RICE
0595052e-0621-403f-b555-cd100176c451,74,DEBIT,22.64,2019-01-29T13:00:00.000+0000,F&B,979424184 THE PROUD TABLE
0a307228-9e3a-430a-bbb8-467ca06411d8,74,DEBIT,23.75,2019-01-29T04:00:00.000+0000,TRANSPORT,677089679 JACK RIDE HAILING
c70cc8cf-f60e-40f6-8052-e8f9bf081680,74,CREDIT,48.66,2019-01-29T07:00:00.000+0000,TRANSFER,309070944 BANK FAST TRANSFER FROM 283013868
ab371bfd-b1c9-49e5-bb43-c0de5d3f009a,74,DEBIT,27.24,2019-01-30T19:00:00.000+0000,F&B,766573142 THE SPRING OYSTER
